id,city,lat,lng
1,Bengaluru,12.9784,77.6408
2,Bengaluru,12.9352,77.6245
3,Bengaluru,12.9698,77.75
4,Bengaluru,12.939054,77.609513
5,Bengaluru,12.9739,77.609
6,Chennai,13.06041,80.24963
7,Bengaluru,12.970322090363544,77.59470313574958
8,Pune,18.5062,73.84735
9,Bengaluru,12.925,77.673
10,Bengaluru,12.9315,77.6008
11,Bengaluru,12.911,77.639
12,Bengaluru,12.961874901404936,77.59400135612842
13,Bengaluru,12.9269408,77.6926367
14,Bengaluru,12.9293113,77.6885962
15,Bengaluru,12.9755,77.611
16,Bengaluru,12.9741,77.6419
17,Bengaluru,12.962,77.648
18,Chennai,12.835,80.22
19,Chennai,12.9844,80.218
20,Chennai,12.968,80.238
21,Chennai,13.06041,80.24963
22,Chennai,13.0618,80.2478
23,Chennai,12.901,80.227
24,Chennai,12.968,80.238
25,Chennai,12.941,80.2345
26,Chennai,12.901,80.227
27,Chennai,12.968,80.238
28,Chennai,12.968,80.238
29,Chennai,12.968,80.238
30,Chennai,12.968,80.238
31,Chennai,12.968,80.238
32,Chennai,13.0518,80.2676
33,Chennai,13.054,80.257
34,Chennai,12.968,80.238
35,Chennai,12.968,80.238
36,Bengaluru,12.967233770712877,77.59259074031205
37,Bengaluru,12.914,77.6355
38,Bengaluru,12.9105,77.6385
42,Bengaluru,12.9375,77.622
43,Bengaluru,12.936,77.6235
46,Bengaluru,12.9265,77.671
47,Delhi NCR,28.323996,76.983738
48,Hyderabad,17.360589,78.4740613
49,Mumbai,19.00821,72.84415
50,Bengaluru,12.972,77.748
51,Bengaluru,12.968,77.752
52,Bengaluru,12.969,77.749
55,Bengaluru,12.8461795,77.6776437
56,Bengaluru,12.842,77.664
59,Ahmedabad,23.042,72.59465
62,Bengaluru,12.973,77.61
63,Bengaluru,12.976,77.6405
64,Bengaluru,13.0049835,77.6601436
65,Bengaluru,12.9745,77.6415
67,Bengaluru,12.933,77.599
69,Bengaluru,12.942,77.697
70,Bengaluru,12.945,77.694
72,Bengaluru,12.961,77.647
75,Bengaluru,12.975785022844608,77.59034781541091
76,Bengaluru,12.9145,77.636
77,Bengaluru,13.035,77.615
78,Bengaluru,13.034,77.616
79,Bengaluru,12.993,77.558
80,Bengaluru,12.895,77.585
81,Bengaluru,12.973,77.747
82,Pune,18.5062,73.84735
83,Bengaluru,12.966,77.754
84,Bengaluru,12.9385,77.6255
85,Bengaluru,12.9365,77.624
97,Chennai,12.959,80.229
102,Chennai,12.9854,80.217
106,Bengaluru,12.9767936,77.590082
107,Bengaluru,12.9767936,77.590082
108,Chennai,12.899,80.225
109,Chennai,12.898,80.224
117,Bengaluru,12.9358,77.6228
118,Bengaluru,12.9342,77.6232
119,Mumbai,19.00821,72.84415
120,Bengaluru,12.938,77.6218
121,Bengaluru,12.9355,77.6252
122,Bengaluru,12.980853847372337,77.60369658539571
123,Bengaluru,12.9345,77.6238
131,Bengaluru,12.9115,77.638
132,Bengaluru,12.9125,77.6365
140,Bengaluru,12.9255,77.6715
141,Bengaluru,12.926,77.6695
142,Bengaluru,12.927,77.6705
143,Bengaluru,12.929,77.6675
144,Bengaluru,12.9245,77.672
158,Bengaluru,12.8415,77.6625
161,Pune,18.5062,73.84735
162,Bengaluru,12.9195,77.674
163,Mumbai,19.00821,72.84415
167,Bengaluru,12.9745,77.6085
168,Bengaluru,12.9735,77.6095
172,Bengaluru,12.9755,77.641
173,Bengaluru,12.9748,77.642
177,Bengaluru,12.943,77.696
178,Bengaluru,12.944,77.6945
179,Bengaluru,12.9455,77.6935
182,Bengaluru,12.9615,77.6475
185,Bengaluru,12.9325,77.6
188,Bengaluru,13.0345,77.6145
189,Bengaluru,13.0355,77.6155
191,Bengaluru,12.896,77.586
192,Bengaluru,12.8945,77.5855
193,Bengaluru,12.993,77.558
194,Bengaluru,12.9925,77.5575
195,Bengaluru,12.935,77.68
196,Bengaluru,12.934,77.681
197,Bengaluru,12.936,77.679
198,Delhi NCR,28.323996,76.983738
199,Bengaluru,13.06,77.595
200,Bengaluru,13.061,77.594
201,Bengaluru,13.04,77.593
202,Bengaluru,12.95,77.71
203,Bengaluru,12.951,77.711
204,Bengaluru,12.955,77.73
205,Bengaluru,12.956,77.731
207,Bengaluru,12.9372,77.623
208,Bengaluru,12.9382,77.6215
209,Kolkata,22.57285,88.34373
210,Bengaluru,12.934,77.6248
211,Bengaluru,12.9335,77.625
212,Bengaluru,12.96,77.65
213,Bengaluru,12.9605,77.649
214,Bengaluru,12.995,77.71
215,Bengaluru,12.996,77.711
216,Bengaluru,12.99,77.735
217,Bengaluru,12.991,77.736
221,Chennai,12.969,80.239
230,Chennai,12.9685,80.2385
231,Chennai,12.9675,80.2375
236,Chennai,12.898,80.224
239,Chennai,12.9848,80.2185
240,Chennai,12.985,80.2175
241,Chennai,12.986,80.2165
244,Chennai,13.0608,80.2468
246,Chennai,13.0608,80.2488
247,Chennai,13.0628,80.2498
249,Chennai,12.9005,80.2255
250,Chennai,12.8995,80.2245
251,Chennai,12.8985,80.2235
252,Chennai,12.997,80.255
253,Chennai,12.983,80.26
254,Chennai,12.998,80.256
255,Chennai,13.01,80.225
256,Chennai,13.009,80.226
257,Chennai,13.008,80.224
258,Chennai,13.04,80.15
259,Chennai,13.041,80.151
260,Chennai,12.938,80.231
261,Chennai,12.937,80.23
262,Chennai,12.936,80.2295
263,Chennai,12.935,80.2285
264,Chennai,12.934,80.228
265,Chennai,12.933,80.2275
266,Chennai,12.932,80.227
267,Chennai,12.931,80.2265
268,Chennai,12.93,80.226
269,Bengaluru,12.9767936,77.590082
270,Chennai,13.086,80.211
271,Chennai,13.084,80.209
272,Chennai,13.06,80.258
273,Chennai,13.061,80.259
274,Chennai,13.059,80.257
275,Chennai,13.058,80.256
276,Chennai,12.97,80.24
277,Chennai,12.971,80.241
278,Chennai,12.972,80.242
279,Chennai,12.968,80.14
280,Chennai,12.969,80.141
281,Chennai,13.035,80.265
282,Chennai,13.036,80.266
283,Chennai,13.034,80.27
284,Chennai,13.035,80.271
285,Hyderabad,17.4435,78.3815
286,Hyderabad,17.444,78.382
287,Hyderabad,17.4445,78.3825
288,Hyderabad,17.445,78.383
289,Hyderabad,17.443,78.3805
290,Hyderabad,17.4425,78.381
291,Hyderabad,17.442,78.38
292,Hyderabad,17.42,78.35
293,Hyderabad,17.421,78.351
294,Hyderabad,17.422,78.352
295,Hyderabad,17.423,78.353
296,Hyderabad,17.424,78.354
297,Hyderabad,17.425,78.355
298,Hyderabad,17.426,78.356
299,Hyderabad,17.427,78.357
300,Hyderabad,17.45,78.39
301,Hyderabad,17.451,78.391
302,Hyderabad,17.452,78.392
303,Hyderabad,17.453,78.393
304,Hyderabad,17.41,78.34
305,Hyderabad,17.411,78.341
306,Hyderabad,17.412,78.342
307,Hyderabad,17.413,78.343
308,Bengaluru,12.969156675805708,77.59345804310944
309,Pune,18.5062,73.84735
310,Delhi NCR,28.6882438,77.1212148
311,Hyderabad,17.40275,78.50806
312,Bengaluru,12.963648029096476,77.59754243443204
314,Bengaluru,12.95703,77.59837
315,Bengaluru,12.9767936,77.590082
316,Bengaluru,12.95703,77.59837
317,Bengaluru,12.95703,77.59837
318,Bengaluru,12.95703,77.59837
319,Bengaluru,12.9767936,77.590082
320,Bengaluru,12.9767936,77.590082
321,Bengaluru,12.9767936,77.590082
322,Bengaluru,12.9767936,77.590082
323,Bengaluru,12.9767936,77.590082
324,Bengaluru,12.9767936,77.590082
325,Bengaluru,12.9767936,77.590082
326,Bengaluru,12.9767936,77.590082
327,Bengaluru,12.9767936,77.590082
328,Bengaluru,12.9767936,77.590082
329,Bengaluru,12.9767936,77.590082
330,Bengaluru,12.9833194,77.736776
331,Bengaluru,12.973366,77.6145069
332,Bengaluru,12.9767936,77.590082
333,Bengaluru,12.9767936,77.590082
334,Bengaluru,12.9767936,77.590082
335,Bengaluru,12.9767936,77.590082
336,Bengaluru,12.9332535,77.6305667
337,Bengaluru,12.9767936,77.590082
338,Bengaluru,12.972621193071486,77.59486904299511
339,Bengaluru,12.97357668693198,77.58581927758358
340,Bengaluru,12.96570453232353,77.60041561551787
341,Bengaluru,12.97518819800504,77.60165575881341
342,Bengaluru,12.970338181818226,77.59356600193615
343,Bengaluru,12.977246311839785,77.5975728343761
344,Bengaluru,12.95703,77.59837
345,Bengaluru,12.966217992242155,77.59078272738715
346,Bengaluru,12.973296352674957,77.59069982152027
347,Bengaluru,12.95703,77.59837
348,Bengaluru,12.962756744560412,77.58545822651286
349,Bengaluru,12.971786520873737,77.59848172679759
350,Bengaluru,12.96951217407714,77.60155230495258
351,Bengaluru,12.95703,77.59837
352,Bengaluru,12.96314060048996,77.60360126748203
353,Bengaluru,12.977915026733575,77.6037276856439
354,Bengaluru,12.97324499924572,77.60156311407705
355,Bengaluru,12.96729988016838,77.58487159589039
356,Bengaluru,12.967640501658465,77.60051567640717
357,Bengaluru,12.971802641528512,77.58577619341409
358,Bengaluru,12.980437498394162,77.60176331516975
359,Bengaluru,12.969874367482193,77.58711640933028
360,Bengaluru,12.98148281897606,77.59519100710922
361,Bengaluru,12.971275157096033,77.59455274427472
362,Bengaluru,12.961655234469704,77.59194889777149
363,Bengaluru,12.95703,77.59837
364,Bengaluru,12.95703,77.59837
365,Bengaluru,12.95703,77.59837
366,Bengaluru,12.978442518759335,77.59568848504324
367,Bengaluru,12.95703,77.59837
368,Bengaluru,12.968013195211709,77.5966086080423
369,Bengaluru,12.976109304632502,77.59714462361917
370,Bengaluru,12.967067525392956,77.59139966139027
371,Bengaluru,12.974820240434557,77.60097797161536
372,Bengaluru,12.977020185904792,77.5916416934684
373,Bengaluru,12.97932121784824,77.5951735427107
374,Bengaluru,12.97195146208466,77.5943720372513
375,Bengaluru,12.961672865425758,77.59748125001923
376,Bengaluru,12.980123408233455,77.59298662259663
377,Bengaluru,12.9767936,77.590082
378,Bengaluru,12.9767936,77.590082
379,Bengaluru,12.9321298,77.683685
380,Bengaluru,12.974349962681572,77.5884833569242
381,Bengaluru,12.9767936,77.590082
382,Bengaluru,12.9857385,77.6951668
383,Bengaluru,12.9003782,77.6309033
384,Bengaluru,12.9767936,77.590082
385,Bengaluru,12.9767936,77.590082
386,Bengaluru,12.9767936,77.590082
387,Bengaluru,12.9767936,77.590082
388,Bengaluru,12.9767936,77.590082
389,Bengaluru,12.9732666,77.5800808
390,Bengaluru,12.9767936,77.590082
391,Bengaluru,12.9452581,77.6886571
392,Bengaluru,12.9767936,77.590082
393,Bengaluru,12.9767936,77.590082
394,Bengaluru,12.9767936,77.590082
395,Bengaluru,12.9767936,77.590082
396,Bengaluru,13.0833907,77.6406945
397,Bengaluru,12.974967371686299,77.58491197849575
398,Bengaluru,12.977408468784565,77.58748623792434
399,Bengaluru,12.977510606729421,77.59431025365508
400,Bengaluru,12.964204364368339,77.59431490652557
401,Bengaluru,12.965174606038651,77.59021671277961
402,Bengaluru,12.9767936,77.590082
403,Bengaluru,12.9767936,77.590082
404,Bengaluru,12.9767936,77.590082
405,Bengaluru,12.9767936,77.590082
406,Bengaluru,12.8808799,77.6731674
407,Bengaluru,12.9767936,77.590082
408,Bengaluru,12.9767936,77.590082
409,Bengaluru,12.9767936,77.590082
410,Bengaluru,12.9767936,77.590082
411,Bengaluru,12.9767936,77.590082
412,Bengaluru,12.9767936,77.590082
413,Bengaluru,12.9767936,77.590082
414,Bengaluru,12.95703,77.59837
415,Bengaluru,12.9767936,77.590082
416,Bengaluru,12.9767936,77.590082
417,Bengaluru,12.9767936,77.590082
418,Bengaluru,12.9767936,77.590082
419,Bengaluru,12.96745,77.5822
420,Bengaluru,12.9767936,77.590082
421,Bengaluru,12.9767936,77.590082
422,Bengaluru,12.9767936,77.590082
423,Bengaluru,12.9783977,77.6356226
424,Bengaluru,12.9767936,77.590082
425,Bengaluru,12.9767936,77.590082
426,Bengaluru,12.9767936,77.590082
427,Bengaluru,12.9767936,77.590082
428,Bengaluru,12.9767936,77.590082
429,Bengaluru,12.95703,77.59837
430,Bengaluru,12.95703,77.59837
431,Bengaluru,12.9767936,77.590082
432,Bengaluru,12.9767936,77.590082
433,Bengaluru,12.9767936,77.590082
434,Bengaluru,12.95703,77.59837
435,Bengaluru,12.9767936,77.590082
436,Bengaluru,12.9767936,77.590082
437,Bengaluru,12.9767936,77.590082
438,Bengaluru,12.9767936,77.590082
439,Bengaluru,12.9767936,77.590082
440,Bengaluru,13.0436479,77.6185971
441,Bengaluru,12.9396812,77.5803613
442,Bengaluru,12.8489439,77.6666804
443,Bengaluru,12.95703,77.59837
444,Bengaluru,12.9767936,77.590082
445,Bengaluru,12.9767936,77.590082
446,Bengaluru,12.99422,77.69694
447,Bengaluru,12.9767936,77.590082
448,Bengaluru,12.9317478,77.6906589
449,Bengaluru,13.0511913,77.6205279
450,Bengaluru,12.9767936,77.590082
451,Bengaluru,12.9441857,77.6930568
452,Bengaluru,12.9767936,77.590082
453,Bengaluru,12.9501621,77.6416717
454,Bengaluru,12.95703,77.59837
455,Bengaluru,12.9943449,77.7084168
456,Bengaluru,13.0240604,77.6331904
457,Bengaluru,12.95703,77.59837
458,Bengaluru,12.95703,77.59837
459,Bengaluru,12.9767936,77.590082
460,Bengaluru,12.9767936,77.590082
461,Bengaluru,12.9767936,77.590082
462,Bengaluru,12.97375,77.62499
463,Bengaluru,12.9767936,77.590082
464,Bengaluru,12.9693126,77.7072669
465,Bengaluru,12.9767936,77.590082
466,Bengaluru,12.962073493654295,77.59432470490813
467,Bengaluru,12.9767936,77.590082
468,Bengaluru,12.9767936,77.590082
469,Bengaluru,12.9767936,77.590082
470,Bengaluru,12.9767936,77.590082
471,Bengaluru,13.0841062,77.6403852
472,Bengaluru,12.9767936,77.590082
473,Bengaluru,12.97375,77.73605
474,Bengaluru,12.9706,77.60024
475,Bengaluru,12.95703,77.59837
476,Bengaluru,12.96306572532929,77.59071169943664
477,Bengaluru,12.9729053,77.6154772
478,Bengaluru,12.9767936,77.590082
479,Bengaluru,12.9767936,77.590082
480,Bengaluru,12.9767936,77.590082
481,Bengaluru,12.9767936,77.590082
482,Bengaluru,12.962362297509326,77.59320186688595
483,Bengaluru,12.9767936,77.590082
484,Bengaluru,12.9767936,77.590082
485,Bengaluru,12.9767936,77.590082
486,Bengaluru,12.9767936,77.590082
487,Bengaluru,12.9767936,77.590082
488,Bengaluru,12.9767936,77.590082
489,Bengaluru,12.9512723,77.6411882
490,Bengaluru,12.95703,77.59837
491,Bengaluru,12.9767936,77.590082
492,Bengaluru,12.9327115,77.6035964
493,Bengaluru,12.95703,77.59837
494,Bengaluru,12.9767936,77.590082
495,Bengaluru,12.9767936,77.590082
496,Bengaluru,12.9767936,77.590082
497,Bengaluru,12.95703,77.59837
498,Bengaluru,12.9767936,77.590082
499,Bengaluru,12.95703,77.59837
500,Bengaluru,12.95703,77.59837
501,Bengaluru,12.9298844,77.683466
502,Bengaluru,12.9767936,77.590082
503,Bengaluru,12.9767936,77.590082
504,Bengaluru,12.9767936,77.590082
505,Bengaluru,12.9767936,77.590082
506,Bengaluru,12.9767936,77.590082
507,Bengaluru,12.97375,77.64504
508,Bengaluru,12.9767936,77.590082
509,Bengaluru,12.9767936,77.590082
510,Bengaluru,12.9767936,77.590082
511,Bengaluru,12.9767936,77.590082
512,Bengaluru,12.9767936,77.590082
513,Bengaluru,12.9767936,77.590082
514,Bengaluru,12.95703,77.59837
515,Bengaluru,12.9767936,77.590082
516,Bengaluru,12.9321061,77.69092
517,Bengaluru,12.9767936,77.590082
518,Bengaluru,12.9767936,77.590082
519,Bengaluru,12.9269036,77.6828134
520,Bengaluru,12.9767936,77.590082
521,Bengaluru,12.9767936,77.590082
522,Bengaluru,12.9767936,77.590082
523,Bengaluru,12.9305957,77.6102258
524,Bengaluru,12.9767936,77.590082
525,Bengaluru,12.969873739849785,77.58809265577938
526,Bengaluru,12.95703,77.59837
527,Bengaluru,12.9767936,77.590082
528,Bengaluru,12.9767936,77.590082
529,Bengaluru,12.9767936,77.590082
530,Bengaluru,12.9767936,77.590082
531,Bengaluru,12.9767936,77.590082
532,Bengaluru,12.9767936,77.590082
533,Bengaluru,12.9421639,77.69469
534,Bengaluru,12.9767936,77.590082
535,Bengaluru,12.9767936,77.590082
536,Bengaluru,12.9767936,77.590082
537,Bengaluru,12.9767936,77.590082
538,Bengaluru,12.9767936,77.590082
539,Bengaluru,12.9767936,77.590082
540,Bengaluru,12.9767936,77.590082
541,Bengaluru,12.9767936,77.590082
542,Bengaluru,12.9767936,77.590082
543,Bengaluru,12.9767936,77.590082
544,Bengaluru,12.975065308929187,77.60278994619168
545,Bengaluru,12.9767936,77.590082
546,Bengaluru,12.9767936,77.590082
547,Bengaluru,12.9706,77.60024
548,Bengaluru,12.9767936,77.590082
549,Bengaluru,12.99422,77.69694
550,Bengaluru,12.96745,77.5822
551,Bengaluru,12.9767936,77.590082
552,Bengaluru,12.95703,77.59837
553,Bengaluru,12.9767936,77.590082
554,Bengaluru,12.9767936,77.590082
555,Bengaluru,12.9329349,77.6037016
556,Bengaluru,12.9767936,77.590082
557,Bengaluru,12.9767936,77.590082
558,Bengaluru,12.9767936,77.590082
559,Bengaluru,12.9767936,77.590082
560,Bengaluru,12.9767936,77.590082
561,Bengaluru,12.9767936,77.590082
562,Bengaluru,12.9767936,77.590082
563,Bengaluru,12.9767936,77.590082
564,Bengaluru,12.9767936,77.590082
565,Bengaluru,12.9767936,77.590082
566,Bengaluru,12.9767936,77.590082
567,Bengaluru,12.9767936,77.590082
568,Bengaluru,12.9767936,77.590082
569,Bengaluru,12.9767936,77.590082
570,Bengaluru,12.974048252577253,77.59029464624169
571,Bengaluru,12.96745,77.5822
572,Bengaluru,12.9767936,77.590082
573,Bengaluru,12.9767936,77.590082
574,Bengaluru,12.95703,77.59837
575,Bengaluru,12.9767936,77.590082
576,Bengaluru,12.9767936,77.590082
577,Bengaluru,12.9767936,77.590082
578,Bengaluru,12.9767936,77.590082
579,Bengaluru,12.9767936,77.590082
580,Bengaluru,12.9767936,77.590082
581,Bengaluru,12.95703,77.59837
582,Bengaluru,12.9767936,77.590082
583,Bengaluru,12.9767936,77.590082
584,Bengaluru,12.96413080272987,77.58929647722948
585,Bengaluru,12.9824603,77.6969728
586,Bengaluru,12.9866813,77.7307311
587,Bengaluru,12.9844284,77.6933518
588,Bengaluru,12.9767936,77.590082
589,Bengaluru,12.9767936,77.590082
590,Bengaluru,12.9767936,77.590082
591,Bengaluru,12.9767936,77.590082
592,Bengaluru,12.9767936,77.590082
593,Bengaluru,12.9767936,77.590082
594,Bengaluru,12.9767936,77.590082
595,Bengaluru,12.9767936,77.590082
596,Bengaluru,12.9767936,77.590082
597,Bengaluru,12.9767936,77.590082
598,Bengaluru,12.9767936,77.590082
599,Bengaluru,12.9767936,77.590082
600,Bengaluru,12.9767936,77.590082
601,Bengaluru,12.9767936,77.590082
602,Bengaluru,12.9767936,77.590082
603,Bengaluru,12.9767936,77.590082
604,Bengaluru,12.9767936,77.590082
605,Bengaluru,12.9767936,77.590082
606,Bengaluru,12.9767936,77.590082
607,Bengaluru,12.9767936,77.590082
608,Bengaluru,12.9767936,77.590082
609,Bengaluru,12.9767936,77.590082
610,Bengaluru,12.9767936,77.590082
611,Bengaluru,12.9706169,77.6470962
612,Bengaluru,12.9791796,77.6456032
613,Bengaluru,12.9767936,77.590082
614,Bengaluru,12.9767936,77.590082
615,Bengaluru,12.9767936,77.590082
616,Bengaluru,12.9767936,77.590082
617,Bengaluru,12.9767936,77.590082
618,Bengaluru,12.9767936,77.590082
619,Bengaluru,12.9767936,77.590082
620,Bengaluru,12.9767936,77.590082
621,Bengaluru,12.9767936,77.590082
622,Bengaluru,12.9767936,77.590082
623,Bengaluru,12.9767936,77.590082
624,Bengaluru,12.9767936,77.590082
625,Bengaluru,12.9767936,77.590082
626,Bengaluru,12.97375,77.73605
627,Bengaluru,12.9767936,77.590082
628,Bengaluru,12.9767936,77.590082
629,Bengaluru,12.95703,77.59837
630,Bengaluru,12.9767936,77.590082
631,Bengaluru,12.95703,77.59837
632,Bengaluru,12.9767936,77.590082
633,Bengaluru,12.9767936,77.590082
634,Bengaluru,12.9767936,77.590082
635,Bengaluru,12.9767936,77.590082
636,Bengaluru,12.9767936,77.590082
637,Bengaluru,12.9767936,77.590082
638,Bengaluru,12.9304166,77.6925649
639,Bengaluru,12.9767936,77.590082
640,Bengaluru,12.9767936,77.590082
641,Bengaluru,12.9767936,77.590082
642,Bengaluru,12.9767936,77.590082
643,Bengaluru,12.9767936,77.590082
644,Bengaluru,12.9767936,77.590082
645,Bengaluru,12.9767936,77.590082
646,Bengaluru,12.9767936,77.590082
647,Bengaluru,12.9767936,77.590082
648,Bengaluru,12.9767936,77.590082
649,Bengaluru,12.95703,77.59837
650,Bengaluru,12.9767936,77.590082
651,Bengaluru,12.9767936,77.590082
652,Bengaluru,12.96214331565557,77.60139134195235
653,Bengaluru,12.9767936,77.590082
654,Bengaluru,12.95703,77.59837
655,Bengaluru,12.982924,77.7512245
656,Bengaluru,13.14145,77.88334
657,Bengaluru,12.89505,77.63905
658,Bengaluru,12.9767936,77.590082
659,Bengaluru,12.95703,77.59837
660,Bengaluru,12.95703,77.59837
661,Bengaluru,12.9767936,77.590082
662,Bengaluru,12.9369061,77.6062548
663,Bengaluru,12.9767936,77.590082
664,Bengaluru,12.982827,77.6917293
665,Bengaluru,12.9767936,77.590082
666,Bengaluru,12.9767936,77.590082
667,Bengaluru,12.9767936,77.590082
668,Bengaluru,12.9767936,77.590082
669,Bengaluru,12.9767936,77.590082
670,Bengaluru,12.9767936,77.590082
671,Bengaluru,12.9767936,77.590082
672,Bengaluru,12.9767936,77.590082
673,Bengaluru,12.9767936,77.590082
674,Bengaluru,12.9767936,77.590082
675,Bengaluru,12.9767936,77.590082
676,Bengaluru,12.9767936,77.590082
677,Bengaluru,12.9767936,77.590082
678,Bengaluru,12.9767936,77.590082
679,Bengaluru,12.9767936,77.590082
680,Bengaluru,12.95703,77.59837
681,Bengaluru,12.9767936,77.590082
682,Bengaluru,12.9767936,77.590082
683,Bengaluru,13.1160366,77.6068398
684,Bengaluru,12.9767936,77.590082
685,Bengaluru,12.9767936,77.590082
686,Bengaluru,12.9767936,77.590082
687,Bengaluru,12.9767936,77.590082
688,Bengaluru,12.9767936,77.590082
689,Bengaluru,12.9800059,77.6649627
690,Bengaluru,12.9287843,77.6920128
691,Bengaluru,12.9706,77.60024
692,Bengaluru,12.9767936,77.590082
693,Bengaluru,12.95703,77.59837
694,Bengaluru,12.9767936,77.590082
695,Bengaluru,12.9767936,77.590082
696,Bengaluru,12.9767936,77.590082
697,Bengaluru,12.95703,77.59837
698,Bengaluru,12.95703,77.59837
699,Bengaluru,12.9767936,77.590082
700,Bengaluru,12.9767936,77.590082
701,Bengaluru,12.8766502,77.5957349
702,Bengaluru,12.993611,77.699175
703,Bengaluru,12.9767936,77.590082
704,Bengaluru,12.9767936,77.590082
705,Bengaluru,12.9767936,77.590082
706,Bengaluru,12.9767936,77.590082
707,Bengaluru,12.9767936,77.590082
708,Bengaluru,12.9767936,77.590082
709,Bengaluru,12.9767936,77.590082
710,Bengaluru,12.9767936,77.590082
711,Bengaluru,12.9767936,77.590082
712,Bengaluru,12.9767936,77.590082
713,Bengaluru,12.9268697,77.6882261
714,Bengaluru,12.9767936,77.590082
715,Bengaluru,12.9767936,77.590082
716,Bengaluru,12.9767936,77.590082
717,Bengaluru,12.9767936,77.590082
718,Bengaluru,12.9767936,77.590082
719,Bengaluru,12.9767936,77.590082
720,Bengaluru,12.9767936,77.590082
721,Bengaluru,12.97375,77.73605
722,Bengaluru,12.9964706,77.6888099
723,Bengaluru,12.9767936,77.590082
724,Bengaluru,12.95703,77.59837
725,Bengaluru,12.9767936,77.590082
726,Bengaluru,12.9767936,77.590082
727,Bengaluru,12.95703,77.59837
728,Bengaluru,12.95703,77.59837
729,Bengaluru,12.95703,77.59837
730,Bengaluru,12.95703,77.59837
731,Bengaluru,12.95703,77.59837
732,Bengaluru,13.1068089,77.577749
733,Bengaluru,12.95703,77.59837
734,Bengaluru,12.9767936,77.590082
735,Bengaluru,12.95703,77.59837
736,Bengaluru,12.95703,77.59837
737,Bengaluru,12.95703,77.59837
738,Bengaluru,12.95703,77.59837
739,Bengaluru,12.9850382,77.7029687
740,Bengaluru,12.95703,77.59837
741,Bengaluru,12.95703,77.59837
742,Bengaluru,12.9767936,77.590082
743,Bengaluru,12.9767936,77.590082
744,Bengaluru,12.9767936,77.590082
745,Bengaluru,12.9767936,77.590082
746,Bengaluru,12.9767936,77.590082
747,Bengaluru,12.9767936,77.590082
748,Bengaluru,12.95703,77.59837
749,Bengaluru,12.96745,77.5822
750,Bengaluru,12.9706,77.60024
751,Bengaluru,12.9767936,77.590082
752,Bengaluru,12.9767936,77.590082
753,Bengaluru,12.9767936,77.590082
754,Bengaluru,12.9767936,77.590082
755,Bengaluru,12.9767936,77.590082
756,Bengaluru,12.9767936,77.590082
757,Bengaluru,12.9706,77.60024
758,Bengaluru,12.95703,77.59837
759,Bengaluru,12.9767936,77.590082
760,Bengaluru,12.9706,77.60024
761,Bengaluru,12.9304089,77.6366307
762,Bengaluru,12.9767936,77.590082
763,Bengaluru,12.9767936,77.590082
764,Bengaluru,12.9767936,77.590082
765,Bengaluru,12.9767936,77.590082
766,Bengaluru,12.9767936,77.590082
767,Bengaluru,12.9767936,77.590082
768,Bengaluru,12.95703,77.59837
769,Bengaluru,12.964710347667012,77.59973737345537
770,Bengaluru,12.962232546755832,77.59591673759617
771,Bengaluru,12.97231548478601,77.5962850556097
772,Bengaluru,12.970700556750952,77.59348636421386
773,Bengaluru,12.964444374493365,77.60456641317643
774,Bengaluru,12.975403340004203,77.59163989287035
775,Bengaluru,12.971466680102198,77.58955042110833
776,Bengaluru,12.962102008234606,77.5864701382599
777,Bengaluru,12.979005128567302,77.59736307394216
778,Bengaluru,12.965472364275445,77.59211578557294
779,Bengaluru,12.971263517262917,77.59059492079322
780,Bengaluru,12.963858561066319,77.59824830492902
781,Bengaluru,12.971679243661383,77.59272999792051
782,Bengaluru,12.972446663450572,77.60286155673222
783,Bengaluru,12.970279044363032,77.60136251009249
784,Bengaluru,12.95703,77.59837
785,Bengaluru,12.974582163724508,77.58586144022222
786,Bengaluru,12.971881295518033,77.58859922816738
787,Bengaluru,12.967104486475705,77.58890671276895
788,Bengaluru,12.967466861886374,77.5983923498144
789,Bengaluru,12.9778726406366,77.59210584841546
790,Bengaluru,12.973271619762086,77.60445602627854
791,Bengaluru,12.98092577953784,77.5907588807667
792,Bengaluru,12.95703,77.59837
793,Bengaluru,12.96510417182446,77.5852061031578
794,Bengaluru,12.971276883972909,77.59386547537115
795,Bengaluru,12.968722577041717,77.60318690679408
796,Chennai,13.06041,80.24963
797,Chennai,13.06041,80.24963
798,Chennai,13.06041,80.24963
799,Chennai,13.06041,80.24963
800,Chennai,13.06041,80.24963
801,Chennai,13.06041,80.24963
802,Chennai,13.06041,80.24963
803,Chennai,13.06041,80.24963
804,Chennai,13.06041,80.24963
805,Chennai,13.06041,80.24963
806,Pune,18.54395,73.83065
807,Chennai,13.06041,80.24963
808,Chennai,13.06041,80.24963
809,Chennai,13.06041,80.24963
810,Chennai,13.06041,80.24963
811,Chennai,13.06041,80.24963
812,Chennai,13.06041,80.24963
813,Chennai,13.06041,80.24963
814,Chennai,13.06041,80.24963
815,Chennai,13.06041,80.24963
816,Chennai,13.06041,80.24963
817,Chennai,13.06041,80.24963
818,Ahmedabad,23.042,72.59465
819,Chennai,13.06041,80.24963
820,Chennai,13.06041,80.24963
821,Chennai,13.06859,80.259
822,Chennai,13.06041,80.24963
823,Chennai,13.05375,80.2525
824,Chennai,13.06041,80.24963
825,Chennai,13.06041,80.24963
826,Chennai,13.06041,80.24963
827,Chennai,13.06041,80.24963
828,Chennai,13.0464,80.25575
829,Chennai,13.06041,80.24963
830,Chennai,13.06041,80.24963
831,Pune,18.5062,73.84735
832,Chennai,13.06041,80.24963
833,Chennai,13.06041,80.24963
834,Chennai,13.06041,80.24963
835,Chennai,13.06041,80.24963
836,Chennai,13.06041,80.24963
837,Chennai,13.06041,80.24963
838,Chennai,13.06041,80.24963
839,Chennai,13.06041,80.24963
840,Chennai,13.06041,80.24963
841,Chennai,13.06041,80.24963
842,Chennai,13.06041,80.24963
843,Chennai,13.06041,80.24963
844,Chennai,13.06041,80.24963
845,Chennai,13.06041,80.24963
846,Chennai,13.06041,80.24963
847,Chennai,13.06041,80.24963
848,Chennai,13.06041,80.24963
849,Chennai,13.06041,80.24963
850,Chennai,13.06041,80.24963
851,Chennai,13.06041,80.24963
852,Chennai,13.06041,80.24963
853,Chennai,13.06041,80.24963
854,Chennai,13.06041,80.24963
855,Chennai,13.06041,80.24963
856,Chennai,13.06041,80.24963
857,Chennai,13.01517,80.21354
858,Kolkata,22.57285,88.34373
859,Chennai,13.06041,80.24963
860,Chennai,13.06041,80.24963
861,Chennai,12.96853,80.24305
862,Chennai,13.06041,80.24963
863,Delhi NCR,28.323996,76.983738
864,Chennai,13.06041,80.24963
865,Chennai,13.06041,80.24963
866,Chennai,13.06041,80.24963
867,Chennai,13.06041,80.24963
868,Chennai,13.06041,80.24963
869,Chennai,13.06041,80.24963
870,Chennai,13.06041,80.24963
871,Chennai,13.089916140004018,80.27433476567442
872,Chennai,13.06041,80.24963
873,Chennai,13.06041,80.24963
874,Chennai,13.06041,80.24963
875,Chennai,13.06041,80.24963
876,Chennai,13.06041,80.24963
877,Chennai,13.06041,80.24963
878,Chennai,13.06041,80.24963
879,Chennai,13.06041,80.24963
880,Chennai,13.06041,80.24963
881,Chennai,13.06041,80.24963
882,Chennai,13.06041,80.24963
883,Chennai,13.06041,80.24963
884,Chennai,13.06041,80.24963
885,Chennai,13.06041,80.24963
886,Chennai,13.06041,80.24963
887,Chennai,13.06041,80.24963
888,Chennai,13.06041,80.24963
889,Chennai,13.06041,80.24963
890,Chennai,13.06041,80.24963
891,Chennai,13.06041,80.24963
892,Chennai,13.06041,80.24963
893,Chennai,13.06041,80.24963
894,Chennai,13.06041,80.24963
895,Chennai,13.06041,80.24963
896,Chennai,13.06041,80.24963
897,Chennai,13.06041,80.24963
898,Chennai,13.06041,80.24963
899,Chennai,13.06041,80.24963
900,Chennai,13.06041,80.24963
901,Chennai,13.06041,80.24963
902,Chennai,13.06041,80.24963
903,Chennai,13.06041,80.24963
904,Chennai,13.06041,80.24963
905,Chennai,13.06041,80.24963
906,Chennai,13.06041,80.24963
907,Kolkata,22.57285,88.34373
908,Chennai,13.06041,80.24963
909,Chennai,13.06041,80.24963
910,Chennai,13.06041,80.24963
911,Chennai,13.06041,80.24963
912,Chennai,13.06041,80.24963
913,Chennai,13.06041,80.24963
914,Chennai,13.06041,80.24963
915,Chennai,13.06041,80.24963
916,Chennai,13.06041,80.24963
917,Chennai,13.06041,80.24963
918,Chennai,13.06041,80.24963
919,Chennai,13.06041,80.24963
920,Chennai,13.06041,80.24963
921,Chennai,13.06041,80.24963
922,Kolkata,22.57285,88.34373
923,Chennai,13.06041,80.24963
924,Chennai,13.06041,80.24963
925,Chennai,13.06041,80.24963
926,Chennai,13.06041,80.24963
927,Chennai,13.06041,80.24963
928,Chennai,13.06041,80.24963
929,Chennai,13.06041,80.24963
930,Chennai,13.06041,80.24963
931,Chennai,13.06041,80.24963
932,Chennai,13.06041,80.24963
933,Chennai,13.06041,80.24963
934,Chennai,13.06041,80.24963
935,Chennai,13.06041,80.24963
936,Chennai,13.06041,80.24963
937,Chennai,13.06041,80.24963
938,Chennai,13.06041,80.24963
939,Chennai,13.06041,80.24963
940,Chennai,13.06041,80.24963
941,Chennai,13.06041,80.24963
942,Kolkata,22.57285,88.34373
943,Chennai,13.06041,80.24963
944,Chennai,13.06041,80.24963
945,Chennai,13.06041,80.24963
946,Chennai,12.96853,80.24305
947,Chennai,13.06041,80.24963
948,Chennai,13.06041,80.24963
949,Chennai,13.06041,80.24963
950,Chennai,13.06041,80.24963
951,Chennai,13.06041,80.24963
952,Chennai,13.06041,80.24963
953,Chennai,13.06041,80.24963
954,Chennai,13.06041,80.24963
955,Chennai,13.06041,80.24963
956,Chennai,13.06041,80.24963
957,Ahmedabad,23.042,72.59465
958,Kolkata,22.57285,88.34373
959,Chennai,13.06041,80.24963
960,Chennai,13.06041,80.24963
961,Chennai,13.06041,80.24963
962,Chennai,13.06041,80.24963
963,Chennai,13.06041,80.24963
964,Pune,18.5062,73.84735
965,Chennai,13.06041,80.24963
966,Delhi NCR,28.323996,76.983738
967,Chennai,13.06041,80.24963
968,Pune,18.5062,73.84735
969,Chennai,13.06041,80.24963
970,Pune,18.5062,73.84735
971,Chennai,13.06041,80.24963
972,Chennai,13.06041,80.24963
973,Chennai,13.06041,80.24963
974,Chennai,13.06041,80.24963
975,Chennai,13.06041,80.24963
976,Chennai,12.986,80.24
977,Chennai,13.06041,80.24963
978,Delhi NCR,28.323996,76.983738
979,Pune,18.5062,73.84735
980,Chennai,13.06041,80.24963
981,Chennai,13.06041,80.24963
982,Chennai,13.06041,80.24963
983,Chennai,13.06041,80.24963
984,Chennai,13.06041,80.24963
985,Chennai,13.06041,80.24963
986,Chennai,13.06041,80.24963
987,Chennai,13.06041,80.24963
988,Chennai,13.06041,80.24963
989,Chennai,13.06041,80.24963
990,Chennai,13.087975990230289,80.27678923346733
991,Chennai,13.06041,80.24963
992,Pune,18.5062,73.84735
993,Chennai,13.06041,80.24963
994,Chennai,13.06041,80.24963
995,Chennai,13.06041,80.24963
996,Chennai,13.06041,80.24963
997,Chennai,13.06041,80.24963
998,Chennai,13.06041,80.24963
999,Chennai,13.074825206191942,80.27544409202565
1000,Chennai,13.09757,80.29455
1001,Chennai,13.06041,80.24963
1002,Chennai,13.06041,80.24963
1003,Chennai,13.06041,80.24963
1004,Chennai,13.06041,80.24963
1005,Chennai,13.06041,80.24963
1006,Ahmedabad,23.042,72.59465
1007,Chennai,13.06041,80.24963
1008,Chennai,13.06041,80.24963
1009,Chennai,13.06041,80.24963
1010,Chennai,13.06041,80.24963
1011,Chennai,13.06041,80.24963
1012,Chennai,13.06041,80.24963
1013,Chennai,13.01517,80.21354
1014,Chennai,13.06041,80.24963
1015,Chennai,13.06041,80.24963
1016,Chennai,13.06041,80.24963
1017,Chennai,13.06041,80.24963
1018,Chennai,13.06041,80.24963
1019,Chennai,13.06041,80.24963
1020,Chennai,13.06041,80.24963
1021,Chennai,13.01517,80.21354
1022,Chennai,13.06041,80.24963
1023,Pune,18.5062,73.84735
1024,Chennai,13.06041,80.24963
1025,Chennai,12.96853,80.24305
1026,Chennai,13.06041,80.24963
1027,Chennai,13.06041,80.24963
1028,Chennai,13.06041,80.24963
1029,Chennai,13.06041,80.24963
1030,Kolkata,22.57285,88.34373
1031,Chennai,13.06041,80.24963
1032,Pune,18.5062,73.84735
1033,Chennai,13.06041,80.24963
1034,Chennai,13.06041,80.24963
1035,Chennai,13.06041,80.24963
1036,Chennai,13.06041,80.24963
1037,Kolkata,22.57285,88.34373
1038,Chennai,13.06041,80.24963
1039,Chennai,13.06041,80.24963
1040,Chennai,13.06041,80.24963
1041,Chennai,13.06041,80.24963
1042,Chennai,13.06041,80.24963
1043,Chennai,13.06041,80.24963
1044,Chennai,13.06041,80.24963
1045,Chennai,13.06041,80.24963
1046,Chennai,13.06041,80.24963
1047,Chennai,12.9688,80.25754
1048,Chennai,13.06041,80.24963
1049,Chennai,13.06041,80.24963
1050,Chennai,13.06041,80.24963
1051,Chennai,13.06041,80.24963
1052,Chennai,13.06041,80.24963
1053,Chennai,13.06041,80.24963
1054,Chennai,13.06041,80.24963
1055,Chennai,13.06041,80.24963
1056,Chennai,13.06041,80.24963
1057,Chennai,13.06041,80.24963
1058,Chennai,13.06041,80.24963
1059,Chennai,13.06041,80.24963
1060,Chennai,13.06041,80.24963
1061,Chennai,13.06041,80.24963
1062,Chennai,13.06041,80.24963
1063,Chennai,13.06041,80.24963
1064,Chennai,13.06041,80.24963
1065,Chennai,13.06041,80.24963
1066,Chennai,13.06041,80.24963
1067,Chennai,13.06041,80.24963
1068,Chennai,13.06041,80.24963
1069,Chennai,13.06041,80.24963
1070,Chennai,13.01517,80.21354
1071,Pune,18.5062,73.84735
1072,Chennai,13.06041,80.24963
1073,Chennai,13.06041,80.24963
1074,Delhi NCR,28.323996,76.983738
1075,Chennai,13.06041,80.24963
1076,Chennai,13.06041,80.24963
1077,Chennai,13.06041,80.24963
1078,Chennai,13.06041,80.24963
1079,Chennai,13.06041,80.24963
1080,Chennai,13.06041,80.24963
1081,Chennai,13.06041,80.24963
1082,Chennai,13.06041,80.24963
1083,Chennai,13.06041,80.24963
1084,Chennai,13.06041,80.24963
1085,Chennai,13.06041,80.24963
1086,Hyderabad,17.40275,78.50806
1087,Chennai,13.06041,80.24963
1088,Chennai,13.06041,80.24963
1089,Chennai,13.06041,80.24963
1090,Chennai,13.06041,80.24963
1091,Chennai,13.06041,80.24963
1092,Chennai,13.06041,80.24963
1093,Chennai,13.0464,80.25575
1094,Chennai,13.06041,80.24963
1095,Chennai,13.06041,80.24963
1096,Delhi NCR,28.323996,76.983738
1097,Chennai,13.06041,80.24963
1098,Chennai,13.06041,80.24963
1099,Chennai,13.06041,80.24963
1100,Chennai,13.06041,80.24963
1101,Chennai,13.06041,80.24963
1102,Chennai,13.06041,80.24963
1103,Chennai,13.06041,80.24963
1104,Kolkata,22.57285,88.34373
1105,Chennai,13.06041,80.24963
1106,Kochi,9.98011,76.24637
1107,Chennai,13.06041,80.24963
1108,Chennai,13.06041,80.24963
1109,Pune,18.5062,73.84735
1110,Chennai,13.06041,80.24963
1111,Chennai,13.06041,80.24963
1112,Chennai,13.06041,80.24963
1113,Chennai,13.06041,80.24963
1114,Chennai,13.06041,80.24963
1115,Chennai,13.06041,80.24963
1116,Chennai,13.06041,80.24963
1117,Chennai,13.06041,80.24963
1118,Chennai,13.06041,80.24963
1119,Chennai,13.06041,80.24963
1120,Chennai,13.06041,80.24963
1121,Chennai,13.06041,80.24963
1122,Chennai,13.06041,80.24963
1123,Chennai,13.06041,80.24963
1124,Chennai,13.06041,80.24963
1125,Chennai,13.06041,80.24963
1126,Chennai,13.06041,80.24963
1127,Ahmedabad,23.042,72.59465
1128,Chennai,13.00408,80.19238
1129,Hyderabad,17.40275,78.50806
1130,Chennai,13.06041,80.24963
1131,Chennai,13.06041,80.24963
1132,Chennai,13.06041,80.24963
1133,Chennai,13.06041,80.24963
1134,Chennai,13.06041,80.24963
1135,Chennai,13.06041,80.24963
1136,Chennai,13.06041,80.24963
1137,Hyderabad,17.40275,78.50806
1138,Hyderabad,17.40275,78.50806
1139,Hyderabad,17.40275,78.50806
1140,Hyderabad,17.40275,78.50806
1141,Hyderabad,17.40275,78.50806
1142,Hyderabad,17.40275,78.50806
1143,Hyderabad,17.40275,78.50806
1144,Hyderabad,17.40275,78.50806
1145,Hyderabad,17.40275,78.50806
1146,Hyderabad,17.40275,78.50806
1147,Hyderabad,17.40275,78.50806
1148,Hyderabad,17.40275,78.50806
1149,Hyderabad,17.40275,78.50806
1150,Hyderabad,17.40275,78.50806
1151,Delhi NCR,28.323996,76.983738
1152,Hyderabad,17.40275,78.50806
1153,Hyderabad,17.40275,78.50806
1154,Hyderabad,17.40275,78.50806
1155,Kolkata,22.57285,88.34373
1156,Hyderabad,17.40275,78.50806
1157,Hyderabad,17.40275,78.50806
1158,Hyderabad,17.45504,78.31773
1159,Hyderabad,17.40275,78.50806
1160,Hyderabad,17.40275,78.50806
1161,Delhi NCR,28.323996,76.983738
1162,Hyderabad,17.40275,78.50806
1163,Hyderabad,17.40275,78.50806
1164,Hyderabad,17.40275,78.50806
1165,Pune,18.5062,73.84735
1166,Hyderabad,17.40275,78.50806
1167,Hyderabad,17.40275,78.50806
1168,Hyderabad,17.40275,78.50806
1169,Hyderabad,17.40275,78.50806
1170,Pune,18.5062,73.84735
1171,Hyderabad,17.40275,78.50806
1172,Hyderabad,17.40275,78.50806
1173,Hyderabad,17.40275,78.50806
1174,Hyderabad,17.40275,78.50806
1175,Hyderabad,17.40275,78.50806
1176,Hyderabad,17.40275,78.50806
1177,Kolkata,22.57285,88.34373
1178,Hyderabad,17.40275,78.50806
1179,Hyderabad,17.40275,78.50806
1180,Hyderabad,17.40275,78.50806
1181,Hyderabad,17.40275,78.50806
1182,Hyderabad,17.40275,78.50806
1183,Hyderabad,17.40275,78.50806
1184,Delhi NCR,28.323996,76.983738
1185,Pune,18.5062,73.84735
1186,Pune,18.5062,73.84735
1187,Hyderabad,17.40275,78.50806
1188,Hyderabad,17.40275,78.50806
1189,Hyderabad,17.40275,78.50806
1190,Delhi NCR,28.323996,76.983738
1191,Hyderabad,17.40275,78.50806
1192,Hyderabad,17.40275,78.50806
1193,Hyderabad,17.40275,78.50806
1194,Hyderabad,17.40275,78.50806
1195,Hyderabad,17.40275,78.50806
1196,Hyderabad,17.40275,78.50806
1197,Hyderabad,17.40275,78.50806
1198,Hyderabad,17.40275,78.50806
1199,Kolkata,22.57285,88.34373
1200,Hyderabad,17.40275,78.50806
1201,Hyderabad,17.40275,78.50806
1202,Hyderabad,17.40275,78.50806
1203,Hyderabad,17.40275,78.50806
1204,Hyderabad,17.40275,78.50806
1205,Hyderabad,17.40275,78.50806
1206,Hyderabad,17.40275,78.50806
1207,Hyderabad,17.40275,78.50806
1208,Kolkata,22.57285,88.34373
1209,Mumbai,19.00821,72.84415
1210,Hyderabad,17.40275,78.50806
1211,Hyderabad,17.40275,78.50806
1212,Hyderabad,17.40275,78.50806
1213,Hyderabad,17.40275,78.50806
1214,Hyderabad,17.40275,78.50806
1215,Hyderabad,17.40275,78.50806
1216,Kolkata,22.57285,88.34373
1217,Hyderabad,17.40275,78.50806
1218,Hyderabad,17.40275,78.50806
1219,Hyderabad,17.40275,78.50806
1220,Hyderabad,17.40275,78.50806
1221,Hyderabad,17.40275,78.50806
1222,Hyderabad,17.40275,78.50806
1223,Hyderabad,17.40275,78.50806
1224,Hyderabad,17.40275,78.50806
1225,Hyderabad,17.40275,78.50806
1226,Hyderabad,17.40275,78.50806
1227,Hyderabad,17.40275,78.50806
1228,Hyderabad,17.40275,78.50806
1229,Delhi NCR,28.323996,76.983738
1230,Hyderabad,17.40275,78.50806
1231,Hyderabad,17.40275,78.50806
1232,Hyderabad,17.40275,78.50806
1233,Hyderabad,17.40275,78.50806
1234,Hyderabad,17.40275,78.50806
1235,Hyderabad,17.40275,78.50806
1236,Hyderabad,17.40275,78.50806
1237,Hyderabad,17.40275,78.50806
1238,Hyderabad,17.40275,78.50806
1239,Hyderabad,17.40275,78.50806
1240,Hyderabad,17.40275,78.50806
1241,Hyderabad,17.40275,78.50806
1242,Hyderabad,17.40275,78.50806
1243,Hyderabad,17.40275,78.50806
1244,Hyderabad,17.40275,78.50806
1245,Hyderabad,17.40275,78.50806
1246,Hyderabad,17.40275,78.50806
1247,Hyderabad,17.40275,78.50806
1248,Delhi NCR,28.323996,76.983738
1249,Delhi NCR,28.323996,76.983738
1250,Hyderabad,17.40275,78.50806
1251,Hyderabad,17.40275,78.50806
1252,Hyderabad,17.40275,78.50806
1253,Hyderabad,17.40275,78.50806
1254,Hyderabad,17.40275,78.50806
1255,Hyderabad,17.40275,78.50806
1256,Hyderabad,17.40275,78.50806
1257,Hyderabad,17.40275,78.50806
1258,Hyderabad,17.40275,78.50806
1259,Hyderabad,17.40275,78.50806
1260,Hyderabad,17.40275,78.50806
1261,Hyderabad,17.40275,78.50806
1262,Hyderabad,17.40275,78.50806
1263,Hyderabad,17.40275,78.50806
1264,Hyderabad,17.40275,78.50806
1265,Hyderabad,17.40275,78.50806
1266,Hyderabad,17.40275,78.50806
1267,Hyderabad,17.40275,78.50806
1268,Hyderabad,17.40275,78.50806
1269,Hyderabad,17.40275,78.50806
1270,Hyderabad,17.40275,78.50806
1271,Hyderabad,17.40275,78.50806
1272,Hyderabad,17.40275,78.50806
1273,Hyderabad,17.40275,78.50806
1274,Hyderabad,17.40275,78.50806
1275,Ahmedabad,23.042,72.59465
1276,Hyderabad,17.40275,78.50806
1277,Hyderabad,17.40275,78.50806
1278,Hyderabad,17.40275,78.50806
1279,Hyderabad,17.40275,78.50806
1280,Hyderabad,17.40275,78.50806
1281,Hyderabad,17.40275,78.50806
1282,Hyderabad,17.40275,78.50806
1283,Hyderabad,17.40275,78.50806
1284,Hyderabad,17.40275,78.50806
1285,Hyderabad,17.40275,78.50806
1286,Hyderabad,17.40275,78.50806
1287,Delhi NCR,28.323996,76.983738
1288,Hyderabad,17.40275,78.50806
1289,Hyderabad,17.40275,78.50806
1290,Hyderabad,17.40275,78.50806
1291,Hyderabad,17.40275,78.50806
1292,Hyderabad,17.40275,78.50806
1293,Hyderabad,17.38256,78.51234
1294,Hyderabad,17.40275,78.50806
1295,Hyderabad,17.40275,78.50806
1296,Hyderabad,17.40275,78.50806
1297,Hyderabad,17.40275,78.50806
1298,Hyderabad,17.40275,78.50806
1299,Hyderabad,17.38848,78.4717
1300,Delhi NCR,28.323996,76.983738
1301,Hyderabad,17.40275,78.50806
1302,Hyderabad,17.38256,78.51234
1303,Hyderabad,17.40275,78.50806
1304,Hyderabad,17.40275,78.50806
1305,Hyderabad,17.40275,78.50806
1306,Hyderabad,17.40275,78.50806
1307,Hyderabad,17.40275,78.50806
1308,Kolkata,22.57285,88.34373
1309,Hyderabad,17.40275,78.50806
1310,Hyderabad,17.40275,78.50806
1311,Hyderabad,17.40275,78.50806
1312,Pune,18.5062,73.84735
1313,Hyderabad,17.40275,78.50806
1314,Hyderabad,17.40275,78.50806
1315,Delhi NCR,28.323996,76.983738
1316,Hyderabad,17.40275,78.50806
1317,Hyderabad,17.40275,78.50806
1318,Hyderabad,17.40275,78.50806
1319,Hyderabad,17.40275,78.50806
1320,Delhi NCR,28.323996,76.983738
1321,Hyderabad,17.40275,78.50806
1322,Hyderabad,17.40275,78.50806
1323,Hyderabad,17.40275,78.50806
1324,Hyderabad,17.40275,78.50806
1325,Hyderabad,17.40275,78.50806
1326,Hyderabad,17.40275,78.50806
1327,Hyderabad,17.40275,78.50806
1328,Hyderabad,17.40275,78.50806
1329,Hyderabad,17.40275,78.50806
1330,Delhi NCR,28.323996,76.983738
1331,Mumbai,19.00821,72.84415
1332,Hyderabad,17.40275,78.50806
1333,Hyderabad,17.40275,78.50806
1334,Mumbai,19.00821,72.84415
1335,Hyderabad,17.40275,78.50806
1336,Mumbai,19.00821,72.84415
1337,Hyderabad,17.40275,78.50806
1338,Hyderabad,17.40275,78.50806
1339,Hyderabad,17.40275,78.50806
1340,Pune,18.5062,73.84735
1341,Pune,18.5062,73.84735
1342,Hyderabad,17.40275,78.50806
1343,Hyderabad,17.40275,78.50806
1344,Hyderabad,17.40275,78.50806
1345,Hyderabad,17.40275,78.50806
1346,Hyderabad,17.40275,78.50806
1347,Kolkata,22.57285,88.34373
1348,Hyderabad,17.40275,78.50806
1349,Hyderabad,17.40275,78.50806
1350,Kolkata,22.57285,88.34373
1351,Pune,18.5062,73.84735
1352,Hyderabad,17.40275,78.50806
1353,Hyderabad,17.53135,78.39935
1354,Hyderabad,17.40275,78.50806
1355,Hyderabad,17.40275,78.50806
1356,Hyderabad,17.40275,78.50806
1357,Hyderabad,17.40275,78.50806
1358,Hyderabad,17.40275,78.50806
1359,Hyderabad,17.40275,78.50806
1360,Hyderabad,17.40275,78.50806
1361,Hyderabad,17.40275,78.50806
1362,Hyderabad,17.40275,78.50806
1363,Hyderabad,17.40275,78.50806
1364,Hyderabad,17.40275,78.50806
1365,Hyderabad,17.40275,78.50806
1366,Hyderabad,17.40275,78.50806
1367,Hyderabad,17.40275,78.50806
1368,Hyderabad,17.40275,78.50806
1369,Hyderabad,17.40275,78.50806
1370,Hyderabad,17.40275,78.50806
1371,Hyderabad,17.40275,78.50806
1372,Hyderabad,17.40275,78.50806
1373,Hyderabad,17.40275,78.50806
1374,Hyderabad,17.40275,78.50806
1375,Hyderabad,17.40275,78.50806
1376,Hyderabad,17.40275,78.50806
1377,Hyderabad,17.40275,78.50806
1378,Hyderabad,17.38256,78.51234
1379,Hyderabad,17.40275,78.50806
1380,Hyderabad,17.40275,78.50806
1381,Hyderabad,17.40275,78.50806
1382,Hyderabad,17.38256,78.51234
1383,Hyderabad,17.40275,78.50806
1384,Hyderabad,17.40275,78.50806
1385,Hyderabad,17.40275,78.50806
1386,Delhi NCR,28.323996,76.983738
1387,Hyderabad,17.40275,78.50806
1388,Hyderabad,17.40275,78.50806
1389,Hyderabad,17.40275,78.50806
1390,Hyderabad,17.40275,78.50806
1391,Hyderabad,17.40275,78.50806
1392,Hyderabad,17.40275,78.50806
1393,Hyderabad,17.40275,78.50806
1394,Kolkata,22.57285,88.34373
1395,Hyderabad,17.40275,78.50806
1396,Hyderabad,17.40275,78.50806
1397,Hyderabad,17.40275,78.50806
1398,Hyderabad,17.40275,78.50806
1399,Hyderabad,17.40275,78.50806
1400,Hyderabad,17.40275,78.50806
1401,Hyderabad,17.40275,78.50806
1402,Hyderabad,17.40275,78.50806
1403,Hyderabad,17.40275,78.50806
1404,Hyderabad,17.40032,78.40585
1405,Delhi NCR,28.323996,76.983738
1406,Hyderabad,17.40275,78.50806
1407,Hyderabad,17.40275,78.50806
1408,Hyderabad,17.40275,78.50806
1409,Hyderabad,17.40275,78.50806
1410,Hyderabad,17.40275,78.50806
1411,Hyderabad,17.40275,78.50806
1412,Mumbai,19.00821,72.84415
1413,Hyderabad,17.40275,78.50806
1414,Hyderabad,17.40275,78.50806
1415,Hyderabad,17.40275,78.50806
1416,Hyderabad,17.40275,78.50806
1417,Hyderabad,17.40275,78.50806
1418,Hyderabad,17.40275,78.50806
1419,Hyderabad,17.40275,78.50806
1420,Hyderabad,17.40275,78.50806
1421,Hyderabad,17.40275,78.50806
1422,Hyderabad,17.40275,78.50806
1423,Hyderabad,17.40275,78.50806
1424,Hyderabad,17.40275,78.50806
1425,Hyderabad,17.40275,78.50806
1426,Hyderabad,17.40275,78.50806
1427,Hyderabad,17.40275,78.50806
1428,Hyderabad,17.40275,78.50806
1429,Hyderabad,17.40275,78.50806
1430,Hyderabad,17.40275,78.50806
1431,Hyderabad,17.40275,78.50806
1432,Hyderabad,17.40275,78.50806
1433,Hyderabad,17.40275,78.50806
1434,Hyderabad,17.40275,78.50806
1435,Hyderabad,17.40275,78.50806
1436,Hyderabad,17.40275,78.50806
1437,Ahmedabad,23.042,72.59465
1438,Hyderabad,17.40275,78.50806
1439,Hyderabad,17.40275,78.50806
1440,Hyderabad,17.40275,78.50806
1441,Hyderabad,17.40275,78.50806
1442,Hyderabad,17.40275,78.50806
1443,Hyderabad,17.40275,78.50806
1444,Hyderabad,17.40275,78.50806
1445,Hyderabad,17.40275,78.50806
1446,Hyderabad,17.40275,78.50806
1447,Hyderabad,17.40275,78.50806
1448,Hyderabad,17.40275,78.50806
1449,Hyderabad,17.40275,78.50806
1450,Hyderabad,17.40275,78.50806
1451,Hyderabad,17.40275,78.50806
1452,Hyderabad,17.38256,78.51234
1453,Pune,18.5062,73.84735
1454,Kolkata,22.57285,88.34373
1455,Hyderabad,17.40275,78.50806
1456,Hyderabad,17.38256,78.51234
1457,Hyderabad,17.4122,78.4519
1458,Hyderabad,17.40275,78.50806
1459,Hyderabad,17.40275,78.50806
1460,Hyderabad,17.40275,78.50806
1461,Hyderabad,17.40275,78.50806
1462,Hyderabad,17.40275,78.50806
1463,Hyderabad,17.40275,78.50806
1464,Hyderabad,17.40275,78.50806
1465,Hyderabad,17.40275,78.50806
1466,Hyderabad,17.40275,78.50806
1467,Hyderabad,17.40275,78.50806
1468,Hyderabad,17.40275,78.50806
1469,Hyderabad,17.40275,78.50806
1470,Ahmedabad,23.042,72.59465
1471,Hyderabad,17.40275,78.50806
1472,Hyderabad,17.40275,78.50806
1473,Hyderabad,17.40275,78.50806
1474,Hyderabad,17.40275,78.50806
1475,Hyderabad,17.40275,78.50806
1476,Hyderabad,17.40275,78.50806
1477,Hyderabad,17.40275,78.50806
1478,Hyderabad,17.40275,78.50806
1479,Hyderabad,17.40275,78.50806
1480,Hyderabad,17.40275,78.50806
1481,Hyderabad,17.40275,78.50806
1482,Hyderabad,17.40275,78.50806
1483,Hyderabad,17.40275,78.50806
1484,Hyderabad,17.40275,78.50806
1485,Hyderabad,17.40275,78.50806
1486,Hyderabad,17.40275,78.50806
1487,Hyderabad,17.40275,78.50806
1488,Hyderabad,17.40275,78.50806
1489,Hyderabad,17.40275,78.50806
1490,Hyderabad,17.40275,78.50806
1491,Hyderabad,17.40275,78.50806
1492,Hyderabad,17.40275,78.50806
1493,Hyderabad,17.40275,78.50806
1494,Hyderabad,17.40275,78.50806
1495,Hyderabad,17.40275,78.50806
1496,Hyderabad,17.40275,78.50806
1497,Hyderabad,17.40275,78.50806
1498,Hyderabad,17.40275,78.50806
1499,Hyderabad,17.40275,78.50806
1500,Hyderabad,17.40275,78.50806
1501,Hyderabad,17.40275,78.50806
1502,Hyderabad,17.40275,78.50806
1503,Hyderabad,17.40275,78.50806
1504,Hyderabad,17.40275,78.50806
1505,Hyderabad,17.40275,78.50806
1506,Hyderabad,17.40275,78.50806
1507,Hyderabad,17.40275,78.50806
1508,Hyderabad,17.40275,78.50806
1509,Hyderabad,17.40275,78.50806
1510,Hyderabad,17.40275,78.50806
1511,Hyderabad,17.40275,78.50806
1512,Hyderabad,17.40275,78.50806
1513,Hyderabad,17.38848,78.4717
1514,Hyderabad,17.40275,78.50806
1515,Hyderabad,17.40275,78.50806
1516,Hyderabad,17.40275,78.50806
1517,Hyderabad,17.40275,78.50806
1518,Hyderabad,17.40275,78.50806
1519,Hyderabad,17.40275,78.50806
1520,Hyderabad,17.40275,78.50806
1521,Hyderabad,17.40275,78.50806
1522,Hyderabad,17.40275,78.50806
1523,Hyderabad,17.40275,78.50806
1524,Hyderabad,17.40275,78.50806
1525,Hyderabad,17.40275,78.50806
1526,Hyderabad,17.40275,78.50806
1527,Hyderabad,17.40275,78.50806
1528,Hyderabad,17.40275,78.50806
1529,Kochi,9.98011,76.24637
1530,Kochi,9.98011,76.24637
1531,Kochi,9.98011,76.24637
1532,Kochi,9.98011,76.24637
1533,Kochi,9.98011,76.24637
1534,Kochi,9.98011,76.24637
1535,Kochi,9.98011,76.24637
1536,Kochi,9.98011,76.24637
1537,Kochi,9.98011,76.24637
1538,Kochi,9.98011,76.24637
1539,Kochi,9.98011,76.24637
1540,Kochi,10.0046,76.3372
1541,Mumbai,19.084708399011785,72.88173756438154
1542,Kochi,9.98011,76.24637
1543,Kochi,9.98011,76.24637
1544,Kochi,9.9511,76.2924
1545,Ahmedabad,23.042,72.59465
1546,Kochi,9.98011,76.24637
1547,Kochi,9.98011,76.24637
1548,Kochi,9.98011,76.24637
1549,Kochi,9.98011,76.24637
1550,Kochi,9.98011,76.24637
1551,Kochi,9.98011,76.24637
1552,Kochi,9.98011,76.24637
1553,Kochi,9.98011,76.24637
1554,Kochi,9.98011,76.24637
1555,Pune,18.5062,73.84735
1556,Kochi,9.98011,76.24637
1557,Kochi,9.98011,76.24637
1558,Kochi,9.98011,76.24637
1559,Kolkata,22.57285,88.34373
1560,Kochi,9.98011,76.24637
1561,Kochi,9.98011,76.24637
1562,Kochi,9.96683,76.2508
1563,Kochi,9.98011,76.24637
1564,Kochi,9.99202,76.2924
1565,Kochi,9.88186,76.26268
1566,Kochi,9.96683,76.2508
1567,Kochi,9.98011,76.24637
1568,Kochi,9.98011,76.24637
1569,Kochi,9.98011,76.24637
1570,Kochi,9.98011,76.24637
1571,Kochi,10.00145,76.2828
1572,Delhi NCR,28.323996,76.983738
1573,Delhi NCR,28.323996,76.983738
1574,Kochi,9.98011,76.24637
1575,Kochi,9.98011,76.24637
1576,Kochi,9.98011,76.24637
1577,Kochi,9.98011,76.24637
1578,Kochi,9.98011,76.24637
1579,Kochi,9.98011,76.24637
1580,Kochi,9.98011,76.24637
1581,Kochi,9.98011,76.24637
1582,Kochi,9.98011,76.24637
1583,Kochi,9.98011,76.24637
1584,Kochi,9.98011,76.24637
1585,Kochi,9.98011,76.24637
1586,Kochi,9.98011,76.24637
1587,Kochi,9.98011,76.24637
1588,Kochi,10.0046,76.3372
1589,Kochi,9.98011,76.24637
1590,Pune,18.5062,73.84735
1591,Kochi,9.98011,76.24637
1592,Kochi,9.98011,76.24637
1593,Kochi,9.98011,76.24637
1594,Kochi,9.98011,76.24637
1595,Kochi,9.98011,76.24637
1596,Kochi,9.98011,76.24637
1597,Kochi,9.98011,76.24637
1598,Kochi,9.94166,76.2796
1599,Kochi,9.98011,76.24637
1600,Kochi,9.98011,76.24637
1601,Kochi,9.98011,76.24637
1602,Kochi,9.98011,76.24637
1603,Kochi,9.98011,76.24637
1604,Kochi,9.98011,76.24637
1605,Kochi,9.98011,76.24637
1606,Kochi,9.98011,76.24637
1607,Kochi,9.98011,76.24637
1608,Kochi,9.98011,76.24637
1609,Kochi,9.98011,76.24637
1610,Kochi,9.98011,76.24637
1611,Kochi,9.98011,76.24637
1612,Kochi,9.98011,76.24637
1613,Kochi,9.98011,76.24637
1614,Kochi,9.98011,76.24637
1615,Kochi,9.98011,76.24637
1616,Kochi,9.98011,76.24637
1617,Kochi,9.98011,76.24637
1618,Kochi,9.98011,76.24637
1619,Kochi,9.98011,76.24637
1620,Kochi,9.98011,76.24637
1621,Mumbai,19.00821,72.84415
1622,Ahmedabad,23.042,72.59465
1623,Kochi,9.98011,76.24637
1624,Kochi,9.98011,76.24637
1625,Kochi,9.98011,76.24637
1626,Ahmedabad,23.042,72.59465
1627,Ahmedabad,23.042,72.59465
1628,Kochi,9.98011,76.24637
1629,Kochi,9.98011,76.24637
1630,Delhi NCR,28.323996,76.983738
1631,Kochi,9.98011,76.24637
1632,Mumbai,19.00821,72.84415
1633,Mumbai,19.00821,72.84415
1634,Mumbai,19.00821,72.84415
1635,Mumbai,19.00821,72.84415
1636,Mumbai,19.00821,72.84415
1637,Mumbai,19.00821,72.84415
1638,Mumbai,19.00821,72.84415
1639,Mumbai,19.00821,72.84415
1640,Mumbai,19.00821,72.84415
1641,Mumbai,19.00821,72.84415
1642,Mumbai,19.00821,72.84415
1643,Mumbai,19.00821,72.84415
1644,Mumbai,19.00821,72.84415
1645,Mumbai,19.00821,72.84415
1646,Mumbai,19.00821,72.84415
1647,Mumbai,19.00821,72.84415
1648,Mumbai,19.00821,72.84415
1649,Mumbai,19.00821,72.84415
1650,Mumbai,19.00821,72.84415
1651,Mumbai,19.00821,72.84415
1652,Mumbai,19.1196,72.8834
1653,Mumbai,19.00821,72.84415
1654,Mumbai,19.00821,72.84415
1655,Mumbai,19.00821,72.84415
1656,Mumbai,19.00821,72.84415
1657,Mumbai,19.00821,72.84415
1658,Mumbai,19.00821,72.84415
1659,Mumbai,19.00821,72.84415
1660,Mumbai,19.00821,72.84415
1661,Mumbai,19.00821,72.84415
1662,Mumbai,19.00821,72.84415
1663,Mumbai,19.00821,72.84415
1664,Mumbai,19.00821,72.84415
1665,Mumbai,19.00821,72.84415
1666,Mumbai,19.00821,72.84415
1667,Mumbai,19.00821,72.84415
1668,Mumbai,19.00821,72.84415
1669,Mumbai,19.00821,72.84415
1670,Mumbai,19.00821,72.84415
1671,Mumbai,19.00821,72.84415
1672,Mumbai,19.00821,72.84415
1673,Mumbai,19.00821,72.84415
1674,Mumbai,19.00821,72.84415
1675,Mumbai,19.00821,72.84415
1676,Mumbai,19.00821,72.84415
1677,Mumbai,19.00821,72.84415
1678,Mumbai,19.00821,72.84415
1679,Mumbai,19.00821,72.84415
1680,Mumbai,19.00821,72.84415
1681,Mumbai,19.00821,72.84415
1682,Mumbai,19.081787240694155,72.87539635308751
1683,Mumbai,19.00821,72.84415
1684,Mumbai,19.00821,72.84415
1685,Mumbai,19.00821,72.84415
1686,Mumbai,19.00821,72.84415
1687,Mumbai,19.00821,72.84415
1688,Mumbai,19.00821,72.84415
1689,Mumbai,19.00821,72.84415
1690,Mumbai,19.00821,72.84415
1691,Mumbai,19.00821,72.84415
1692,Mumbai,19.00821,72.84415
1693,Mumbai,19.00821,72.84415
1694,Mumbai,19.00821,72.84415
1695,Mumbai,19.00821,72.84415
1696,Mumbai,19.00821,72.84415
1697,Mumbai,19.00821,72.84415
1698,Mumbai,19.00821,72.84415
1699,Mumbai,19.00821,72.84415
1700,Mumbai,19.00821,72.84415
1701,Mumbai,19.00821,72.84415
1702,Mumbai,19.00821,72.84415
1703,Mumbai,19.00821,72.84415
1704,Mumbai,19.00821,72.84415
1705,Mumbai,19.00821,72.84415
1706,Mumbai,19.00821,72.84415
1707,Mumbai,19.00821,72.84415
1708,Mumbai,19.00821,72.84415
1709,Ahmedabad,23.042,72.59465
1710,Mumbai,19.00821,72.84415
1711,Mumbai,19.00821,72.84415
1712,Mumbai,19.00821,72.84415
1713,Mumbai,19.00821,72.84415
1714,Mumbai,19.00821,72.84415
1715,Mumbai,19.00821,72.84415
1716,Mumbai,19.00821,72.84415
1717,Mumbai,19.11645,72.82816
1718,Mumbai,19.00821,72.84415
1719,Mumbai,19.00821,72.84415
1720,Mumbai,19.00821,72.84415
1721,Mumbai,19.00821,72.84415
1722,Mumbai,19.00821,72.84415
1723,Mumbai,19.00821,72.84415
1724,Mumbai,19.00821,72.84415
1725,Mumbai,19.00821,72.84415
1726,Mumbai,19.00821,72.84415
1727,Mumbai,19.00821,72.84415
1728,Mumbai,19.00821,72.84415
1729,Mumbai,19.00821,72.84415
1730,Mumbai,19.00821,72.84415
1731,Mumbai,19.00821,72.84415
1732,Mumbai,19.00821,72.84415
1733,Mumbai,19.00821,72.84415
1734,Mumbai,19.00821,72.84415
1735,Mumbai,19.00821,72.84415
1736,Mumbai,19.00821,72.84415
1737,Mumbai,19.00821,72.84415
1738,Mumbai,19.00821,72.84415
1739,Mumbai,19.00821,72.84415
1740,Mumbai,19.00821,72.84415
1741,Mumbai,19.00821,72.84415
1742,Mumbai,19.00821,72.84415
1743,Mumbai,19.00821,72.84415
1744,Mumbai,19.00821,72.84415
1745,Mumbai,19.00821,72.84415
1746,Mumbai,19.00821,72.84415
1747,Mumbai,19.00821,72.84415
1748,Kolkata,22.57285,88.34373
1749,Mumbai,19.00821,72.84415
1750,Mumbai,19.00821,72.84415
1751,Mumbai,19.00821,72.84415
1752,Mumbai,19.00821,72.84415
1753,Mumbai,19.00821,72.84415
1754,Mumbai,19.00821,72.84415
1755,Mumbai,19.00821,72.84415
1756,Mumbai,19.00821,72.84415
1757,Mumbai,19.00821,72.84415
1758,Mumbai,19.00821,72.84415
1759,Mumbai,19.00821,72.84415
1760,Mumbai,19.00821,72.84415
1761,Mumbai,19.00821,72.84415
1762,Mumbai,19.00821,72.84415
1763,Mumbai,19.00821,72.84415
1764,Mumbai,19.00821,72.84415
1765,Mumbai,19.00821,72.84415
1766,Mumbai,19.00821,72.84415
1767,Mumbai,19.00821,72.84415
1768,Mumbai,19.00821,72.84415
1769,Mumbai,19.00821,72.84415
1770,Mumbai,19.00821,72.84415
1771,Mumbai,19.00821,72.84415
1772,Mumbai,19.00821,72.84415
1773,Mumbai,19.00821,72.84415
1774,Mumbai,19.00821,72.84415
1775,Mumbai,19.00821,72.84415
1776,Mumbai,19.00821,72.84415
1777,Mumbai,19.00821,72.84415
1778,Mumbai,19.00821,72.84415
1779,Mumbai,19.00821,72.84415
1780,Mumbai,19.00821,72.84415
1781,Mumbai,19.00821,72.84415
1782,Mumbai,19.00821,72.84415
1783,Mumbai,19.00821,72.84415
1784,Mumbai,19.00821,72.84415
1785,Mumbai,19.00821,72.84415
1786,Mumbai,19.00821,72.84415
1787,Mumbai,19.00821,72.84415
1788,Mumbai,19.00821,72.84415
1789,Mumbai,19.00821,72.84415
1790,Mumbai,19.00821,72.84415
1791,Mumbai,19.00821,72.84415
1792,Mumbai,19.20985,72.93627
1793,Delhi NCR,28.323996,76.983738
1794,Ahmedabad,23.042,72.59465
1795,Mumbai,19.00821,72.84415
1796,Kolkata,22.57285,88.34373
1797,Mumbai,19.00821,72.84415
1798,Mumbai,19.00821,72.84415
1799,Mumbai,19.070933934044433,72.86935404377341
1800,Mumbai,19.00821,72.84415
1801,Delhi NCR,28.323996,76.983738
1802,Mumbai,19.00821,72.84415
1803,Mumbai,19.08127513806443,72.88173941076812
1804,Mumbai,19.00821,72.84415
1805,Mumbai,19.00821,72.84415
1806,Mumbai,19.0177,72.83001
1807,Mumbai,19.00821,72.84415
1808,Mumbai,18.9552,72.83482
1809,Mumbai,19.00821,72.84415
1810,Mumbai,19.00821,72.84415
1811,Mumbai,19.00821,72.84415
1812,Mumbai,19.00821,72.84415
1813,Mumbai,19.00821,72.84415
1814,Mumbai,19.00821,72.84415
1815,Mumbai,19.00821,72.84415
1816,Mumbai,19.00821,72.84415
1817,Mumbai,19.00821,72.84415
1818,Mumbai,19.00821,72.84415
1819,Delhi NCR,28.323996,76.983738
1820,Delhi NCR,28.323996,76.983738
1821,Ahmedabad,23.042,72.59465
1822,Mumbai,19.00821,72.84415
1823,Mumbai,19.00821,72.84415
1824,Ahmedabad,23.042,72.59465
1825,Mumbai,19.00821,72.84415
1826,Mumbai,19.00821,72.84415
1827,Mumbai,19.00821,72.84415
1828,Mumbai,19.00821,72.84415
1829,Mumbai,19.00821,72.84415
1830,Mumbai,19.00821,72.84415
1831,Mumbai,19.00821,72.84415
1832,Mumbai,18.94206,72.83544
1833,Mumbai,19.00821,72.84415
1834,Mumbai,19.00821,72.84415
1835,Mumbai,19.00821,72.84415
1836,Mumbai,19.00821,72.84415
1837,Mumbai,19.00821,72.84415
1838,Mumbai,19.00821,72.84415
1839,Mumbai,19.00821,72.84415
1840,Mumbai,19.00821,72.84415
1841,Mumbai,19.00821,72.84415
1842,Mumbai,19.00821,72.84415
1843,Mumbai,19.00821,72.84415
1844,Mumbai,19.00821,72.84415
1845,Mumbai,19.00821,72.84415
1846,Mumbai,19.00821,72.84415
1847,Mumbai,19.09487,72.88995
1848,Mumbai,19.00821,72.84415
1849,Mumbai,19.00821,72.84415
1850,Mumbai,19.00821,72.84415
1851,Mumbai,19.00821,72.84415
1852,Mumbai,19.00821,72.84415
1853,Mumbai,19.00821,72.84415
1854,Mumbai,19.00821,72.84415
1855,Mumbai,19.00821,72.84415
1856,Mumbai,19.00821,72.84415
1857,Mumbai,19.00821,72.84415
1858,Mumbai,19.00821,72.84415
1859,Mumbai,19.00821,72.84415
1860,Mumbai,19.00821,72.84415
1861,Mumbai,19.00821,72.84415
1862,Mumbai,19.00821,72.84415
1863,Mumbai,19.00821,72.84415
1864,Mumbai,19.00821,72.84415
1865,Mumbai,19.00821,72.84415
1866,Mumbai,19.00821,72.84415
1867,Mumbai,19.00821,72.84415
1868,Mumbai,19.00821,72.84415
1869,Mumbai,19.00821,72.84415
1870,Mumbai,19.00821,72.84415
1871,Mumbai,19.00821,72.84415
1872,Mumbai,19.00821,72.84415
1873,Mumbai,19.00821,72.84415
1874,Mumbai,19.00821,72.84415
1875,Mumbai,19.00821,72.84415
1876,Mumbai,19.00821,72.84415
1877,Mumbai,19.00821,72.84415
1878,Mumbai,19.00821,72.84415
1879,Mumbai,19.00821,72.84415
1880,Mumbai,19.00821,72.84415
1881,Kolkata,22.57285,88.34373
1882,Mumbai,19.00821,72.84415
1883,Mumbai,19.00821,72.84415
1884,Mumbai,19.00821,72.84415
1885,Mumbai,19.00821,72.84415
1886,Mumbai,19.00821,72.84415
1887,Mumbai,19.00821,72.84415
1888,Mumbai,19.00821,72.84415
1889,Mumbai,19.00821,72.84415
1890,Mumbai,19.00821,72.84415
1891,Mumbai,19.00821,72.84415
1892,Mumbai,19.00821,72.84415
1893,Mumbai,19.00821,72.84415
1894,Mumbai,19.00821,72.84415
1895,Mumbai,19.00821,72.84415
1896,Mumbai,19.00821,72.84415
1897,Mumbai,19.00821,72.84415
1898,Mumbai,19.00821,72.84415
1899,Mumbai,19.00821,72.84415
1900,Mumbai,19.00821,72.84415
1901,Mumbai,19.00821,72.84415
1902,Mumbai,19.00821,72.84415
1903,Mumbai,19.00821,72.84415
1904,Mumbai,19.00821,72.84415
1905,Mumbai,19.00821,72.84415
1906,Mumbai,19.00821,72.84415
1907,Mumbai,19.00821,72.84415
1908,Mumbai,19.00821,72.84415
1909,Mumbai,19.11645,72.87
1910,Mumbai,19.00821,72.84415
1911,Mumbai,19.00821,72.84415
1912,Mumbai,19.00821,72.84415
1913,Mumbai,19.00821,72.84415
1914,Mumbai,19.00821,72.84415
1915,Mumbai,19.00821,72.84415
1916,Mumbai,19.00821,72.84415
1917,Mumbai,19.00821,72.84415
1918,Mumbai,19.00821,72.84415
1919,Mumbai,19.00821,72.84415
1920,Mumbai,19.00821,72.84415
1921,Mumbai,19.00821,72.84415
1922,Mumbai,19.00821,72.84415
1923,Mumbai,19.00821,72.84415
1924,Ahmedabad,23.042,72.59465
1925,Mumbai,19.00821,72.84415
1926,Mumbai,19.00821,72.84415
1927,Mumbai,19.00821,72.84415
1928,Mumbai,19.00821,72.84415
1929,Mumbai,19.00821,72.84415
1930,Mumbai,19.00821,72.84415
1931,Mumbai,19.00821,72.84415
1932,Mumbai,19.00821,72.84415
1933,Mumbai,19.00821,72.84415
1934,Mumbai,19.00821,72.84415
1935,Pune,18.5062,73.84735
1936,Mumbai,19.00821,72.84415
1937,Ahmedabad,23.042,72.59465
1938,Pune,18.5062,73.84735
1939,Mumbai,19.00821,72.84415
1940,Mumbai,19.00821,72.84415
1941,Mumbai,19.00821,72.84415
1942,Mumbai,19.00821,72.84415
1943,Mumbai,19.00821,72.84415
1944,Mumbai,19.00821,72.84415
1945,Mumbai,19.00821,72.84415
1946,Pune,18.5062,73.84735
1947,Mumbai,19.074951377725306,72.87100758198504
1948,Mumbai,19.00821,72.84415
1949,Mumbai,19.00821,72.84415
1950,Kolkata,22.57285,88.34373
1951,Mumbai,19.00821,72.84415
1952,Mumbai,19.00821,72.84415
1953,Ahmedabad,23.042,72.59465
1954,Mumbai,19.00821,72.84415
1955,Mumbai,19.01779,72.84952
1956,Mumbai,19.00821,72.84415
1957,Mumbai,19.00821,72.84415
1958,Mumbai,19.00821,72.84415
1959,Mumbai,19.00821,72.84415
1960,Mumbai,19.00821,72.84415
1961,Mumbai,19.00821,72.84415
1962,Mumbai,19.00821,72.84415
1963,Mumbai,19.00821,72.84415
1964,Mumbai,19.00821,72.84415
1965,Mumbai,19.00821,72.84415
1966,Mumbai,19.00821,72.84415
1967,Mumbai,19.00821,72.84415
1968,Ahmedabad,23.042,72.59465
1969,Mumbai,19.00821,72.84415
1970,Mumbai,19.00821,72.84415
1971,Mumbai,19.00821,72.84415
1972,Mumbai,19.068820222671523,72.88755793826208
1973,Mumbai,19.00821,72.84415
1974,Pune,18.5062,73.84735
1975,Mumbai,19.00821,72.84415
1976,Mumbai,19.06195,72.95282
1977,Mumbai,19.00821,72.84415
1978,Mumbai,19.00821,72.84415
1979,Mumbai,19.00821,72.84415
1980,Mumbai,19.00821,72.84415
1981,Mumbai,19.00821,72.84415
1982,Mumbai,19.00821,72.84415
1983,Mumbai,19.00821,72.84415
1984,Mumbai,19.00821,72.84415
1985,Mumbai,19.00821,72.84415
1986,Mumbai,19.00821,72.84415
1987,Ahmedabad,23.042,72.59465
1988,Mumbai,19.00821,72.84415
1989,Mumbai,19.00821,72.84415
1990,Mumbai,19.00821,72.84415
1991,Mumbai,19.00821,72.84415
1992,Mumbai,19.00821,72.84415
1993,Mumbai,19.00821,72.84415
1994,Mumbai,19.00821,72.84415
1995,Mumbai,19.00821,72.84415
1996,Mumbai,19.00821,72.84415
1997,Mumbai,19.00821,72.84415
1998,Mumbai,19.00821,72.84415
1999,Mumbai,19.08815,72.93918
2000,Mumbai,19.0831915792488,72.87394930745789
2001,Mumbai,19.073419380666962,72.8848676988407
2002,Mumbai,19.069393336964357,72.87559576431508
2003,Mumbai,19.00821,72.84415
2004,Mumbai,19.00821,72.84415
2005,Mumbai,19.00821,72.84415
2006,Pune,18.5062,73.84735
2007,Pune,18.5062,73.84735
2008,Delhi NCR,28.323996,76.983738
2009,Pune,18.5062,73.84735
2010,Pune,18.5062,73.84735
2011,Pune,18.5062,73.84735
2012,Pune,18.5062,73.84735
2013,Kolkata,22.57285,88.34373
2014,Delhi NCR,28.323996,76.983738
2015,Pune,18.5062,73.84735
2016,Pune,18.5062,73.84735
2017,Pune,18.5062,73.84735
2018,Pune,18.5062,73.84735
2019,Pune,18.5062,73.84735
2020,Pune,18.5062,73.84735
2021,Pune,18.5062,73.84735
2022,Pune,18.5062,73.84735
2023,Pune,18.5062,73.84735
2024,Pune,18.5062,73.84735
2025,Pune,18.5062,73.84735
2026,Pune,18.5062,73.84735
2027,Pune,18.5062,73.84735
2028,Pune,18.5062,73.84735
2029,Pune,18.5062,73.84735
2030,Pune,18.5062,73.84735
2031,Pune,18.5062,73.84735
2032,Pune,18.5062,73.84735
2033,Pune,18.5062,73.84735
2034,Pune,18.5062,73.84735
2035,Pune,18.5062,73.84735
2036,Pune,18.5062,73.84735
2037,Pune,18.5062,73.84735
2038,Pune,18.5062,73.84735
2039,Pune,18.5062,73.84735
2040,Pune,18.5062,73.84735
2041,Pune,18.5062,73.84735
2042,Pune,18.5062,73.84735
2043,Pune,18.5062,73.84735
2044,Pune,18.55335,73.82065
2045,Pune,18.5062,73.84735
2046,Pune,18.5062,73.84735
2047,Pune,18.5062,73.84735
2048,Pune,18.5062,73.84735
2049,Pune,18.5062,73.84735
2050,Pune,18.5062,73.84735
2051,Kolkata,22.57285,88.34373
2052,Pune,18.5062,73.84735
2053,Pune,18.5062,73.84735
2054,Pune,18.5062,73.84735
2055,Pune,18.5062,73.84735
2056,Pune,18.5062,73.84735
2057,Pune,18.5062,73.84735
2058,Pune,18.55335,73.82065
2059,Pune,18.5062,73.84735
2060,Pune,18.5062,73.84735
2061,Pune,18.5062,73.84735
2062,Pune,18.5062,73.84735
2063,Pune,18.5062,73.84735
2064,Pune,18.5062,73.84735
2065,Pune,18.5062,73.84735
2066,Delhi NCR,28.323996,76.983738
2067,Pune,18.5062,73.84735
2068,Delhi NCR,28.323996,76.983738
2069,Delhi NCR,28.323996,76.983738
2070,Delhi NCR,28.323996,76.983738
2071,Pune,18.5062,73.84735
2072,Pune,18.5062,73.84735
2073,Pune,18.5062,73.84735
2074,Pune,18.5062,73.84735
2075,Pune,18.5062,73.84735
2076,Pune,18.5062,73.84735
2077,Pune,18.5062,73.84735
2078,Pune,18.5062,73.84735
2079,Pune,18.5062,73.84735
2080,Pune,18.5062,73.84735
2081,Pune,18.5062,73.84735
2082,Pune,18.5062,73.84735
2083,Pune,18.5062,73.84735
2084,Pune,18.5062,73.84735
2085,Pune,18.5062,73.84735
2086,Pune,18.5062,73.84735
2087,Pune,18.5062,73.84735
2088,Pune,18.5062,73.84735
2089,Pune,18.5219,73.95314
2090,Pune,18.5062,73.84735
2091,Pune,18.5062,73.84735
2092,Pune,18.5062,73.84735
2093,Pune,18.5062,73.84735
2094,Pune,18.5062,73.84735
2095,Pune,18.5062,73.84735
2096,Pune,18.5062,73.84735
2097,Pune,18.5062,73.84735
2098,Pune,18.5062,73.84735
2099,Pune,18.5062,73.84735
2100,Pune,18.5062,73.84735
2101,Pune,18.5062,73.84735
2102,Pune,18.5062,73.84735
2103,Pune,18.503,74.1577
2104,Pune,18.5062,73.84735
2105,Pune,18.5062,73.84735
2106,Pune,18.5062,73.84735
2107,Pune,18.5062,73.84735
2108,Pune,18.5062,73.84735
2109,Pune,18.5062,73.84735
2110,Pune,18.5062,73.84735
2111,Pune,18.5062,73.84735
2112,Pune,18.5062,73.84735
2113,Pune,18.5062,73.84735
2114,Pune,18.5062,73.84735
2115,Pune,18.5062,73.84735
2116,Pune,18.5062,73.84735
2117,Pune,18.5062,73.84735
2118,Pune,18.5062,73.84735
2119,Pune,18.5062,73.84735
2120,Pune,18.5062,73.84735
2121,Pune,18.5062,73.84735
2122,Pune,18.5062,73.84735
2123,Pune,18.5062,73.84735
2124,Pune,18.5062,73.84735
2125,Pune,18.5062,73.84735
2126,Pune,18.5062,73.84735
2127,Pune,18.5062,73.84735
2128,Pune,18.5062,73.84735
2129,Pune,18.5062,73.84735
2130,Pune,18.5062,73.84735
2131,Pune,18.5062,73.84735
2132,Pune,18.5062,73.84735
2133,Pune,18.5062,73.84735
2134,Pune,18.5062,73.84735
2135,Pune,18.5062,73.84735
2136,Pune,18.5062,73.84735
2137,Pune,18.5062,73.84735
2138,Pune,18.5062,73.84735
2139,Pune,18.51875,73.88075
2140,Pune,18.54395,73.83065
2141,Pune,18.5062,73.84735
2142,Ahmedabad,23.042,72.59465
2143,Delhi NCR,28.323996,76.983738
2144,Pune,18.5062,73.84735
2145,Pune,18.60055,73.9608
2146,Kolkata,22.57285,88.34373
2147,Pune,18.5062,73.84735
2148,Kolkata,22.57285,88.34373
2149,Pune,18.5062,73.84735
2150,Pune,18.5062,73.84735
2151,Pune,18.5062,73.84735
2152,Pune,18.5062,73.84735
2153,Pune,18.5062,73.84735
2154,Pune,18.5062,73.84735
2155,Pune,18.5062,73.84735
2156,Pune,18.5062,73.84735
2157,Pune,18.5062,73.84735
2158,Pune,18.5062,73.84735
2159,Pune,18.5062,73.84735
2160,Delhi NCR,28.323996,76.983738
2161,Pune,18.5062,73.84735
2162,Pune,18.5062,73.84735
2163,Pune,18.5062,73.84735
2164,Pune,18.62895,73.83405
2165,Pune,18.5062,73.84735
2166,Pune,18.5062,73.84735
2167,Pune,18.5062,73.84735
2168,Pune,18.5062,73.84735
2169,Pune,18.55034,73.80865
2170,Pune,18.5062,73.84735
2171,Pune,18.5062,73.84735
2172,Pune,18.5062,73.84735
2173,Pune,18.5062,73.84735
2174,Pune,18.5062,73.84735
2175,Pune,18.5062,73.84735
2176,Pune,18.5062,73.84735
2177,Pune,18.5062,73.84735
2178,Pune,18.5062,73.84735
2179,Pune,18.51875,73.88075
2180,Pune,18.5062,73.84735
2181,Pune,18.5062,73.84735
2182,Pune,18.5062,73.84735
2183,Pune,18.5062,73.84735
2184,Pune,18.5062,73.84735
2185,Pune,18.5062,73.84735
2186,Pune,18.5062,73.84735
2187,Pune,18.5062,73.84735
2188,Pune,18.5062,73.84735
2189,Pune,18.5062,73.84735
2190,Pune,18.5062,73.84735
2191,Pune,18.5062,73.84735
2192,Pune,18.55034,73.80865
2193,Pune,18.5062,73.84735
2194,Pune,18.5062,73.84735
2195,Pune,18.5062,73.84735
2196,Kolkata,22.57285,88.34373
2197,Pune,18.5062,73.84735
2198,Kolkata,22.57285,88.34373
2199,Pune,18.5062,73.84735
2200,Pune,18.5062,73.84735
2201,Pune,18.5062,73.84735
2202,Pune,18.5062,73.84735
2203,Pune,18.5062,73.84735
2204,Pune,18.5062,73.84735
2205,Pune,18.5062,73.84735
2206,Delhi NCR,28.323996,76.983738
2207,Pune,18.5062,73.84735
2208,Pune,18.60055,73.9608
2209,Pune,18.5062,73.84735
2210,Pune,18.55335,73.82065
2211,Pune,18.5062,73.84735
2212,Pune,18.5062,73.84735
2213,Pune,18.5062,73.84735
2214,Pune,18.5062,73.84735
2215,Pune,18.5062,73.84735
2216,Pune,18.47155,73.88405
2217,Pune,18.51875,73.88075
2218,Pune,18.5062,73.84735
2219,Pune,18.5062,73.84735
2220,Pune,18.5062,73.84735
2221,Pune,18.5062,73.84735
2222,Pune,18.5062,73.84735
2223,Pune,18.5062,73.84735
2224,Pune,18.5062,73.84735
2225,Pune,18.5062,73.84735
2226,Pune,18.5062,73.84735
2227,Pune,18.5062,73.84735
2228,Pune,18.5062,73.84735
2229,Kolkata,22.57285,88.34373
2230,Kolkata,22.57285,88.34373
2231,Pune,18.5062,73.84735
2232,Pune,18.54395,73.83065
2233,Pune,18.5062,73.84735
2234,Pune,18.60055,73.9608
2235,Pune,18.5062,73.84735
2236,Pune,18.5062,73.84735
2237,Pune,18.5062,73.84735
2238,Pune,18.5062,73.84735
2239,Pune,18.5062,73.84735
2240,Pune,18.5062,73.84735
2241,Kolkata,22.57285,88.34373
2242,Pune,18.5062,73.84735
2243,Pune,18.5062,73.84735
2244,Pune,18.5062,73.84735
2245,Pune,18.5062,73.84735
2246,Pune,18.5062,73.84735
2247,Pune,18.5062,73.84735
2248,Pune,18.5062,73.84735
2249,Pune,18.5062,73.84735
2250,Pune,18.5062,73.84735
2251,Pune,18.5062,73.84735
2252,Pune,18.5062,73.84735
2253,Pune,18.5062,73.84735
2254,Pune,18.20715,74.5882
2255,Pune,18.5062,73.84735
2256,Pune,18.5062,73.84735
2257,Kolkata,22.57285,88.34373
2258,Pune,18.55395,73.88735
2259,Pune,18.5062,73.84735
2260,Pune,18.5062,73.84735
2261,Pune,18.5062,73.84735
2262,Pune,18.5062,73.84735
2263,Pune,18.5062,73.84735
2264,Pune,18.5062,73.84735
2265,Pune,18.5062,73.84735
2266,Pune,18.5062,73.84735
2267,Pune,18.5062,73.84735
2268,Pune,18.5062,73.84735
2269,Pune,18.5062,73.84735
2270,Pune,18.5062,73.84735
2271,Pune,18.5062,73.84735
2272,Pune,18.5062,73.84735
2273,Pune,18.503,74.1577
2274,Pune,18.5062,73.84735
2275,Pune,18.5062,73.84735
2276,Pune,18.5062,73.84735
2277,Pune,18.5062,73.84735
2278,Pune,18.5062,73.84735
2279,Pune,18.5062,73.84735
2280,Ahmedabad,23.042,72.59465
2281,Pune,18.55034,73.80865
2282,Pune,18.5062,73.84735
2283,Pune,18.5062,73.84735
2284,Pune,18.51292,73.864
2285,Pune,18.5062,73.84735
2286,Pune,18.5062,73.84735
2287,Pune,18.5062,73.84735
2288,Ahmedabad,23.042,72.59465
2289,Pune,18.51875,73.88075
2290,Kolkata,22.57285,88.34373
2291,Delhi NCR,28.323996,76.983738
2292,Pune,18.60055,73.9608
2293,Pune,18.5062,73.84735
2294,Pune,18.5062,73.84735
2295,Pune,18.5062,73.84735
2296,Pune,18.5062,73.84735
2297,Pune,18.5062,73.84735
2298,Pune,18.5062,73.84735
2299,Pune,18.5062,73.84735
2300,Pune,18.5062,73.84735
2301,Delhi NCR,28.323996,76.983738
2302,Pune,18.5062,73.84735
2303,Ahmedabad,23.042,72.59465
2304,Kolkata,22.57285,88.34373
2305,Pune,18.47155,73.88405
2306,Pune,18.5062,73.84735
2307,Ahmedabad,23.042,72.59465
2308,Pune,18.5062,73.84735
2309,Pune,18.5062,73.84735
2310,Ahmedabad,23.042,72.59465
2311,Kolkata,22.57285,88.34373
2312,Kolkata,22.57285,88.34373
2313,Pune,18.5062,73.84735
2314,Pune,18.5062,73.84735
2315,Pune,18.5062,73.84735
2316,Pune,18.5062,73.84735
2317,Pune,18.5062,73.84735
2318,Delhi NCR,28.323996,76.983738
2319,Pune,18.5062,73.84735
2320,Kolkata,22.57285,88.34373
2321,Pune,18.5062,73.84735
2322,Pune,18.5062,73.84735
2323,Pune,18.5062,73.84735
2324,Pune,18.5062,73.84735
2325,Delhi NCR,28.323996,76.983738
2326,Delhi NCR,28.323996,76.983738
2327,Delhi NCR,28.323996,76.983738
2328,Delhi NCR,28.323996,76.983738
2329,Delhi NCR,28.323996,76.983738
2330,Delhi NCR,28.323996,76.983738
2331,Delhi NCR,28.45645,77.0032
2332,Delhi NCR,28.323996,76.983738
2333,Delhi NCR,28.323996,76.983738
2334,Delhi NCR,28.323996,76.983738
2335,Delhi NCR,28.323996,76.983738
2336,Delhi NCR,28.323996,76.983738
2337,Delhi NCR,28.44832,77.02097
2338,Delhi NCR,28.323996,76.983738
2339,Delhi NCR,28.323996,76.983738
2340,Delhi NCR,28.323996,76.983738
2341,Delhi NCR,28.45645,77.0032
2342,Delhi NCR,28.323996,76.983738
2343,Delhi NCR,28.323996,76.983738
2344,Delhi NCR,28.323996,76.983738
2345,Delhi NCR,28.4596,77.07225
2346,Delhi NCR,28.45645,77.0032
2347,Delhi NCR,28.4596,77.07225
2348,Delhi NCR,28.323996,76.983738
2349,Delhi NCR,28.323996,76.983738
2350,Delhi NCR,28.323996,76.983738
2351,Delhi NCR,28.323996,76.983738
2352,Delhi NCR,28.323996,76.983738
2353,Delhi NCR,28.4596,77.07225
2354,Delhi NCR,28.323996,76.983738
2355,Delhi NCR,28.323996,76.983738
2356,Delhi NCR,28.323996,76.983738
2357,Delhi NCR,28.323996,76.983738
2358,Delhi NCR,28.323996,76.983738
2359,Delhi NCR,28.323996,76.983738
2360,Delhi NCR,28.323996,76.983738
2361,Delhi NCR,28.323996,76.983738
2362,Delhi NCR,28.323996,76.983738
2363,Delhi NCR,28.323996,76.983738
2364,Delhi NCR,28.50569,77.09604
2365,Delhi NCR,28.323996,76.983738
2366,Delhi NCR,28.4596,77.07225
2367,Delhi NCR,28.323996,76.983738
2368,Delhi NCR,28.323996,76.983738
2369,Delhi NCR,28.323996,76.983738
2370,Delhi NCR,28.323996,76.983738
2371,Delhi NCR,28.323996,76.983738
2372,Delhi NCR,28.323996,76.983738
2373,Delhi NCR,28.323996,76.983738
2374,Delhi NCR,28.323996,76.983738
2375,Delhi NCR,28.323996,76.983738
2376,Delhi NCR,28.323996,76.983738
2377,Delhi NCR,28.323996,76.983738
2378,Delhi NCR,28.323996,76.983738
2379,Delhi NCR,28.323996,76.983738
2380,Delhi NCR,28.323996,76.983738
2381,Delhi NCR,28.323996,76.983738
2382,Delhi NCR,28.323996,76.983738
2383,Delhi NCR,28.323996,76.983738
2384,Delhi NCR,28.323996,76.983738
2385,Delhi NCR,28.323996,76.983738
2386,Delhi NCR,28.323996,76.983738
2387,Delhi NCR,28.323996,76.983738
2388,Delhi NCR,28.323996,76.983738
2389,Delhi NCR,28.323996,76.983738
2390,Delhi NCR,28.45645,77.0032
2391,Delhi NCR,28.323996,76.983738
2392,Delhi NCR,28.323996,76.983738
2393,Delhi NCR,28.323996,76.983738
2394,Delhi NCR,28.323996,76.983738
2395,Delhi NCR,28.323996,76.983738
2396,Delhi NCR,28.09623,76.97395
2397,Delhi NCR,28.323996,76.983738
2398,Delhi NCR,28.323996,76.983738
2399,Delhi NCR,28.323996,76.983738
2400,Delhi NCR,28.323996,76.983738
2401,Delhi NCR,28.323996,76.983738
2402,Delhi NCR,28.323996,76.983738
2403,Delhi NCR,28.323996,76.983738
2404,Delhi NCR,28.323996,76.983738
2405,Delhi NCR,28.323996,76.983738
2406,Delhi NCR,28.323996,76.983738
2407,Delhi NCR,28.323996,76.983738
2408,Delhi NCR,28.323996,76.983738
2409,Delhi NCR,28.323996,76.983738
2410,Delhi NCR,28.323996,76.983738
2411,Delhi NCR,28.323996,76.983738
2412,Delhi NCR,28.323996,76.983738
2413,Delhi NCR,28.323996,76.983738
2414,Delhi NCR,28.4596,77.07225
2415,Ahmedabad,23.042,72.59465
2416,Delhi NCR,28.47845,77.07071
2417,Delhi NCR,28.323996,76.983738
2418,Delhi NCR,28.323996,76.983738
2419,Delhi NCR,28.323996,76.983738
2420,Delhi NCR,28.323996,76.983738
2421,Delhi NCR,28.4596,77.07225
2422,Delhi NCR,28.323996,76.983738
2423,Ahmedabad,23.042,72.59465
2424,Delhi NCR,28.323996,76.983738
2425,Delhi NCR,28.323996,76.983738
2426,Delhi NCR,28.323996,76.983738
2427,Delhi NCR,28.323996,76.983738
2428,Delhi NCR,28.323996,76.983738
2429,Delhi NCR,28.323996,76.983738
2430,Delhi NCR,28.323996,76.983738
2431,Delhi NCR,28.323996,76.983738
2432,Delhi NCR,28.2361,77.1137
2433,Delhi NCR,28.323996,76.983738
2434,Delhi NCR,28.323996,76.983738
2435,Delhi NCR,28.323996,76.983738
2436,Delhi NCR,28.323996,76.983738
2437,Delhi NCR,28.323996,76.983738
2438,Delhi NCR,28.323996,76.983738
2439,Delhi NCR,28.323996,76.983738
2440,Delhi NCR,28.323996,76.983738
2441,Delhi NCR,28.44832,77.02097
2442,Delhi NCR,28.45645,77.0032
2443,Delhi NCR,28.323996,76.983738
2444,Delhi NCR,28.323996,76.983738
2445,Delhi NCR,28.323996,76.983738
2446,Delhi NCR,28.4596,77.07225
2447,Delhi NCR,28.4092,76.9423
2448,Delhi NCR,28.323996,76.983738
2449,Delhi NCR,28.4092,76.9423
2450,Delhi NCR,28.2361,77.1137
2451,Delhi NCR,28.323996,76.983738
2452,Delhi NCR,28.323996,76.983738
2453,Delhi NCR,28.323996,76.983738
2454,Delhi NCR,28.323996,76.983738
2455,Delhi NCR,28.323996,76.983738
2456,Delhi NCR,28.4596,77.07225
2457,Delhi NCR,28.323996,76.983738
2458,Delhi NCR,28.323996,76.983738
2459,Delhi NCR,28.323996,76.983738
2460,Delhi NCR,28.323996,76.983738
2461,Delhi NCR,28.323996,76.983738
2462,Delhi NCR,28.323996,76.983738
2463,Delhi NCR,28.323996,76.983738
2464,Delhi NCR,28.323996,76.983738
2465,Delhi NCR,28.50569,77.09604
2466,Delhi NCR,28.323996,76.983738
2467,Delhi NCR,28.323996,76.983738
2468,Delhi NCR,28.323996,76.983738
2469,Delhi NCR,28.323996,76.983738
2470,Ahmedabad,23.042,72.59465
2471,Delhi NCR,28.323996,76.983738
2472,Delhi NCR,28.3148,76.90645
2473,Delhi NCR,28.323996,76.983738
2474,Ahmedabad,23.042,72.59465
2475,Delhi NCR,28.323996,76.983738
2476,Delhi NCR,28.323996,76.983738
2477,Delhi NCR,28.323996,76.983738
2478,Kolkata,22.57285,88.34373
2479,Kolkata,22.57285,88.34373
2480,Kolkata,22.57285,88.34373
2481,Kolkata,22.57285,88.34373
2482,Kolkata,22.57285,88.34373
2483,Kolkata,22.57285,88.34373
2484,Kolkata,22.57285,88.34373
2485,Kolkata,22.57285,88.34373
2486,Kolkata,22.57285,88.34373
2487,Kolkata,22.57285,88.34373
2488,Kolkata,22.57285,88.34373
2489,Kolkata,22.57285,88.34373
2490,Kolkata,22.57285,88.34373
2491,Kolkata,22.57285,88.34373
2492,Kolkata,22.57285,88.34373
2493,Kolkata,22.57285,88.34373
2494,Kolkata,22.57285,88.34373
2495,Kolkata,22.57285,88.34373
2496,Kolkata,22.57285,88.34373
2497,Kolkata,22.57285,88.34373
2498,Kolkata,22.57285,88.34373
2499,Kolkata,22.57285,88.34373
2500,Kolkata,22.57285,88.34373
2501,Kolkata,22.57285,88.34373
2502,Kolkata,22.57285,88.34373
2503,Kolkata,22.57285,88.34373
2504,Kolkata,22.57285,88.34373
2505,Kolkata,22.57285,88.34373
2506,Kolkata,22.57285,88.34373
2507,Kolkata,22.57285,88.34373
2508,Kolkata,22.57285,88.34373
2509,Kolkata,22.57285,88.34373
2510,Kolkata,22.57285,88.34373
2511,Ahmedabad,23.042,72.59465
2512,Kolkata,22.57285,88.34373
2513,Kolkata,22.57285,88.34373
2514,Kolkata,22.57285,88.34373
2515,Kolkata,22.57285,88.34373
2516,Kolkata,22.57285,88.34373
2517,Kolkata,22.57285,88.34373
2518,Kolkata,22.57285,88.34373
2519,Kolkata,22.57285,88.34373
2520,Kolkata,22.57285,88.34373
2521,Kolkata,22.57285,88.34373
2522,Kolkata,22.57285,88.34373
2523,Kolkata,22.57285,88.34373
2524,Kolkata,22.57285,88.34373
2525,Kolkata,22.57285,88.34373
2526,Kolkata,22.57285,88.34373
2527,Kolkata,22.57285,88.34373
2528,Kolkata,22.57285,88.34373
2529,Kolkata,22.57285,88.34373
2530,Kolkata,22.57285,88.34373
2531,Kolkata,22.57285,88.34373
2532,Kolkata,22.57285,88.34373
2533,Kolkata,22.57285,88.34373
2534,Kolkata,22.57285,88.34373
2535,Kolkata,22.57285,88.34373
2536,Kolkata,22.57285,88.34373
2537,Kolkata,22.57285,88.34373
2538,Kolkata,22.57285,88.34373
2539,Kolkata,22.57285,88.34373
2540,Kolkata,22.57285,88.34373
2541,Kolkata,22.57285,88.34373
2542,Kolkata,22.57285,88.34373
2543,Kolkata,22.57285,88.34373
2544,Kolkata,22.57285,88.34373
2545,Ahmedabad,23.042,72.59465
2546,Kolkata,22.57285,88.34373
2547,Kolkata,22.57285,88.34373
2548,Kolkata,22.57285,88.34373
2549,Kolkata,22.57285,88.34373
2550,Kolkata,22.57285,88.34373
2551,Kolkata,22.57285,88.34373
2552,Kolkata,22.57285,88.34373
2553,Kolkata,22.57285,88.34373
2554,Kolkata,22.57285,88.34373
2555,Kolkata,22.57285,88.34373
2556,Kolkata,22.57285,88.34373
2557,Kolkata,22.57285,88.34373
2558,Kolkata,22.57285,88.34373
2559,Kolkata,22.57285,88.34373
2560,Kolkata,22.57285,88.34373
2561,Kolkata,22.57285,88.34373
2562,Kolkata,22.57285,88.34373
2563,Kolkata,22.57285,88.34373
2564,Kolkata,22.57285,88.34373
2565,Kolkata,22.57285,88.34373
2566,Kolkata,22.57285,88.34373
2567,Kolkata,22.57285,88.34373
2568,Kolkata,22.57285,88.34373
2569,Kolkata,22.57285,88.34373
2570,Kolkata,22.57285,88.34373
2571,Kolkata,22.57285,88.34373
2572,Kolkata,22.57285,88.34373
2573,Kolkata,22.57285,88.34373
2574,Kolkata,22.57285,88.34373
2575,Kolkata,22.57285,88.34373
2576,Kolkata,22.57285,88.34373
2577,Kolkata,22.55395,88.35605
2578,Kolkata,22.57285,88.34373
2579,Kolkata,22.57285,88.34373
2580,Kolkata,22.57285,88.34373
2581,Kolkata,22.57285,88.34373
2582,Kolkata,22.577956400463716,88.36114667349408
2583,Kolkata,22.57285,88.34373
2584,Kolkata,22.57285,88.34373
2585,Kolkata,22.57285,88.34373
2586,Kolkata,22.57285,88.34373
2587,Kolkata,22.57285,88.34373
2588,Kolkata,22.57285,88.34373
2589,Kolkata,22.57285,88.34373
2590,Kolkata,22.57285,88.34373
2591,Kolkata,22.53723,88.41491
2592,Ahmedabad,23.042,72.59465
2593,Kolkata,22.57285,88.34373
2594,Ahmedabad,23.042,72.59465
2595,Kolkata,22.57285,88.34373
2596,Kolkata,22.57285,88.34373
2597,Kolkata,22.57285,88.34373
2598,Kolkata,22.57285,88.34373
2599,Kolkata,22.57285,88.34373
2600,Ahmedabad,23.042,72.59465
2601,Ahmedabad,23.042,72.59465
2602,Ahmedabad,23.042,72.59465
2603,Ahmedabad,23.042,72.59465
2604,Ahmedabad,23.042,72.59465
2605,Ahmedabad,23.042,72.59465
2606,Ahmedabad,23.042,72.59465
2607,Ahmedabad,23.042,72.59465
2608,Ahmedabad,23.042,72.59465
2609,Ahmedabad,23.042,72.59465
2610,Ahmedabad,23.042,72.59465
2611,Ahmedabad,23.042,72.59465
2612,Ahmedabad,23.042,72.59465
2613,Ahmedabad,23.042,72.59465
2614,Ahmedabad,23.042,72.59465
2615,Ahmedabad,23.042,72.59465
2616,Ahmedabad,23.042,72.59465
2617,Ahmedabad,23.042,72.59465
2618,Ahmedabad,23.042,72.59465
2619,Ahmedabad,23.042,72.59465
2620,Ahmedabad,23.042,72.59465
2621,Ahmedabad,23.042,72.59465
2622,Ahmedabad,23.042,72.59465
2623,Ahmedabad,23.042,72.59465
2624,Ahmedabad,23.01995,72.5981
2625,Ahmedabad,23.03255,72.5981
2626,Ahmedabad,23.042,72.59465
2627,Ahmedabad,23.042,72.59465
2628,Ahmedabad,23.042,72.59465
2629,Ahmedabad,23.03006,72.58747
2630,Ahmedabad,23.042,72.59465
2631,Ahmedabad,23.042,72.59465
2632,Ahmedabad,23.042,72.59465
2633,Ahmedabad,23.042,72.59465
2634,Ahmedabad,23.042,72.59465
2635,Ahmedabad,23.042,72.59465
2636,Ahmedabad,23.042,72.59465
2637,Ahmedabad,23.042,72.59465
2638,Ahmedabad,23.042,72.59465
2639,Ahmedabad,23.042,72.59465
2640,Ahmedabad,23.042,72.59465
2641,Ahmedabad,23.042,72.59465
2642,Ahmedabad,23.042,72.59465
2643,Ahmedabad,23.042,72.59465
2644,Ahmedabad,23.042,72.59465
2645,Ahmedabad,23.042,72.59465
2646,Ahmedabad,23.042,72.59465
2647,Ahmedabad,23.042,72.59465
2648,Ahmedabad,23.042,72.59465
2649,Ahmedabad,23.042,72.59465
2650,Ahmedabad,23.042,72.59465
2651,Ahmedabad,23.042,72.59465
2652,Ahmedabad,23.042,72.59465
2653,Ahmedabad,23.042,72.59465
2654,Ahmedabad,23.042,72.59465
2655,Ahmedabad,23.042,72.59465
2656,Ahmedabad,23.042,72.59465
2657,Ahmedabad,23.042,72.59465
2658,Ahmedabad,23.042,72.59465
2659,Ahmedabad,23.042,72.59465
2660,Ahmedabad,23.042,72.59465
2661,Ahmedabad,23.042,72.59465
2662,Ahmedabad,23.042,72.59465
2663,Ahmedabad,23.042,72.59465
2664,Ahmedabad,23.042,72.59465
2665,Ahmedabad,23.042,72.59465
2666,Ahmedabad,23.042,72.59465
2667,Ahmedabad,23.042,72.59465
2668,Ahmedabad,23.042,72.59465
2669,Ahmedabad,23.042,72.59465
2670,Ahmedabad,23.042,72.59465
2671,Ahmedabad,23.042,72.59465
2672,Ahmedabad,23.042,72.59465
2673,Ahmedabad,23.042,72.59465
2674,Ahmedabad,23.042,72.59465
2675,Ahmedabad,23.042,72.59465
2676,Ahmedabad,23.042,72.59465
2677,Ahmedabad,23.042,72.59465
2678,Ahmedabad,23.042,72.59465
2679,Ahmedabad,23.042,72.59465
2680,Ahmedabad,23.042,72.59465
2681,Ahmedabad,23.042,72.59465
2682,Ahmedabad,23.042,72.59465
2683,Ahmedabad,23.042,72.59465
2684,Ahmedabad,23.042,72.59465
2685,Ahmedabad,23.042,72.59465
2686,Ahmedabad,23.042,72.59465
2687,Ahmedabad,23.042,72.59465
2688,Ahmedabad,23.042,72.59465
2689,Ahmedabad,23.042,72.59465
2690,Ahmedabad,23.042,72.59465
2691,Ahmedabad,23.042,72.59465
2692,Ahmedabad,23.042,72.59465
2693,Ahmedabad,23.042,72.59465
2694,Ahmedabad,23.042,72.59465
2695,Ahmedabad,23.042,72.59465
2696,Ahmedabad,23.01995,72.5981
2697,Ahmedabad,23.042,72.59465
2698,Ahmedabad,23.042,72.59465
2699,Ahmedabad,23.042,72.59465
2700,Ahmedabad,23.042,72.59465
2701,Ahmedabad,23.042,72.59465
2702,Ahmedabad,23.042,72.59465
2703,Ahmedabad,23.042,72.59465
2704,Ahmedabad,23.042,72.59465
2705,Ahmedabad,23.042,72.59465
2706,Ahmedabad,23.042,72.59465
2707,Ahmedabad,23.042,72.59465
2708,Ahmedabad,23.01995,72.5981
2709,Ahmedabad,23.042,72.59465
2710,Ahmedabad,23.042,72.59465
2711,Ahmedabad,23.042,72.59465
2712,Ahmedabad,23.042,72.59465
2713,Ahmedabad,23.042,72.59465
2714,Ahmedabad,23.03885,72.502
2715,Ahmedabad,23.042,72.59465
2716,Ahmedabad,23.042,72.59465
2717,Ahmedabad,23.042,72.59465
2718,Ahmedabad,23.042,72.59465
2719,Ahmedabad,23.042,72.59465
2720,Ahmedabad,23.042,72.59465
2721,Ahmedabad,23.042,72.59465
2722,Ahmedabad,23.042,72.59465
2723,Ahmedabad,23.042,72.59465
2724,Ahmedabad,23.03885,72.502
2725,Ahmedabad,23.042,72.59465
2726,Ahmedabad,23.042,72.59465
2727,Ahmedabad,23.042,72.59465
2728,Ahmedabad,23.042,72.59465
2729,Ahmedabad,23.042,72.59465
2730,Ahmedabad,23.042,72.59465
2731,Ahmedabad,23.042,72.59465
2732,Ahmedabad,23.042,72.59465
2733,Ahmedabad,23.042,72.59465
2734,Ahmedabad,23.042,72.59465
2735,Ahmedabad,23.042,72.59465
2736,Ahmedabad,23.042,72.59465
2737,Ahmedabad,23.042,72.59465
2738,Ahmedabad,23.042,72.59465
2739,Ahmedabad,23.042,72.59465
2740,Ahmedabad,23.042,72.59465
2741,Ahmedabad,23.042,72.59465
2742,Ahmedabad,23.042,72.59465
2743,Ahmedabad,23.042,72.59465
2744,Ahmedabad,23.0168,72.5638
2745,Ahmedabad,23.042,72.59465
2746,Ahmedabad,23.042,72.59465
2747,Ahmedabad,23.019100419274746,72.57263142794899
2748,Ahmedabad,23.042,72.59465
2749,Ahmedabad,23.042,72.59465
2750,Ahmedabad,23.042,72.59465
2751,Ahmedabad,23.042,72.59465
2752,Ahmedabad,23.042,72.59465
2753,Ahmedabad,23.042,72.59465
2754,Ahmedabad,23.042,72.59465
2755,Ahmedabad,23.042,72.59465
2756,Ahmedabad,23.042,72.59465
2757,Ahmedabad,23.06682,72.74225
2758,Ahmedabad,23.042,72.59465
2759,Ahmedabad,23.042,72.59465
2760,Ahmedabad,23.042,72.59465
2761,Ahmedabad,23.042,72.59465
2762,Ahmedabad,23.042,72.59465
2763,Ahmedabad,23.042,72.59465
2764,Ahmedabad,23.042,72.59465
2765,Ahmedabad,23.042,72.59465
2766,Ahmedabad,23.042,72.59465
2767,Ahmedabad,23.042,72.59465
2768,Ahmedabad,23.042,72.59465
2769,Ahmedabad,23.042,72.59465
2770,Ahmedabad,23.042,72.59465
2771,Ahmedabad,23.042,72.59465
2772,Ahmedabad,23.042,72.59465
2773,Ahmedabad,23.042,72.59465
2774,Ahmedabad,23.042,72.59465
2775,Ahmedabad,23.042,72.59465
2776,Ahmedabad,23.042,72.59465
2777,Ahmedabad,23.042,72.59465
2778,Ahmedabad,23.042,72.59465
2779,Ahmedabad,23.042,72.59465
2780,Ahmedabad,23.042,72.59465
2781,Ahmedabad,23.042,72.59465
2782,Ahmedabad,23.042,72.59465
2783,Ahmedabad,23.042,72.59465
2784,Ahmedabad,23.042,72.59465
2785,Ahmedabad,23.042,72.59465
2786,Ahmedabad,23.042,72.59465
2787,Ahmedabad,23.042,72.59465
2788,Ahmedabad,23.042,72.59465
2789,Ahmedabad,23.042,72.59465
2790,Ahmedabad,23.042,72.59465
2791,Ahmedabad,23.042,72.59465
2792,Ahmedabad,23.042,72.59465
2793,Ahmedabad,23.042,72.59465
2794,Ahmedabad,23.042,72.59465
2795,Ahmedabad,23.042,72.59465
2796,Ahmedabad,23.01995,72.5981
2797,Ahmedabad,23.042,72.59465
2798,Ahmedabad,23.042,72.59465
2799,Ahmedabad,23.042,72.59465
2800,Ahmedabad,23.042,72.59465
2801,Ahmedabad,23.042,72.59465
2802,Ahmedabad,23.042,72.59465
2803,Ahmedabad,23.042,72.59465
2804,Ahmedabad,23.042,72.59465
2805,Ahmedabad,23.042,72.59465
2806,Ahmedabad,23.042,72.59465
2807,Ahmedabad,23.042,72.59465
2808,Ahmedabad,23.042,72.59465
2809,Ahmedabad,23.042,72.59465
2810,Ahmedabad,23.042,72.59465
2811,Ahmedabad,23.042,72.59465
2812,Ahmedabad,23.01883016000246,72.57533028121948
2813,Ahmedabad,23.042,72.59465
2814,Ahmedabad,23.03006,72.58747
2815,Ahmedabad,23.042,72.59465
2816,Ahmedabad,23.042,72.59465
2817,Ahmedabad,23.042,72.59465
2818,Ahmedabad,23.042,72.59465
2819,Ahmedabad,23.042,72.59465
2820,Ahmedabad,23.042,72.59465
2821,Ahmedabad,23.042,72.59465
2823,Coimbatore,11.017171,77.100203
2824,Coimbatore,11.017171,77.100203
2825,Coimbatore,11.017171,77.100203
2826,Coimbatore,11.017171,77.100203
2827,Coimbatore,11.017171,77.100203
2828,Coimbatore,11.017171,77.100203
2829,Coimbatore,11.017171,77.100203
2830,Coimbatore,11.017171,77.100203
2831,Coimbatore,11.017171,77.100203
2832,Coimbatore,11.017171,77.100203
2833,Coimbatore,11.017171,77.100203
2834,Coimbatore,11.017171,77.100203
2835,Coimbatore,11.017171,77.100203
2836,Coimbatore,11.017171,77.100203
2837,Coimbatore,11.017171,77.100203
2838,Coimbatore,11.017171,77.100203
2839,Coimbatore,11.017171,77.100203
2840,Coimbatore,11.017171,77.100203
2841,Coimbatore,11.017171,77.100203
2842,Coimbatore,11.017171,77.100203
2843,Coimbatore,10.9934,76.94325
2844,Coimbatore,11.017171,77.100203
2845,Coimbatore,11.017171,77.100203
2846,Coimbatore,11.017171,77.100203
2847,Coimbatore,11.017171,77.100203
2848,Coimbatore,11.017171,77.100203
2849,Coimbatore,11.017171,77.100203
2850,Coimbatore,11.017171,77.100203
2851,Coimbatore,11.017171,77.100203
2852,Coimbatore,10.9934,76.94325
2853,Coimbatore,11.017171,77.100203
2854,Coimbatore,11.017171,77.100203
2855,Coimbatore,11.017171,77.100203
2856,Coimbatore,11.017171,77.100203
2857,Coimbatore,11.017171,77.100203
2858,Coimbatore,11.017171,77.100203
2859,Coimbatore,11.017171,77.100203
2860,Coimbatore,11.017171,77.100203
2861,Coimbatore,11.017171,77.100203
2862,Coimbatore,11.017171,77.100203
2863,Coimbatore,11.017171,77.100203
2864,Coimbatore,11.017171,77.100203
2865,Coimbatore,11.017171,77.100203
2866,Coimbatore,11.017171,77.100203
2867,Coimbatore,11.017171,77.100203
2868,Coimbatore,11.017171,77.100203
2869,Coimbatore,11.017171,77.100203
2870,Coimbatore,11.017171,77.100203
2871,Coimbatore,11.08155,77.0075
2872,Coimbatore,11.017171,77.100203
2873,Coimbatore,11.017171,77.100203
2874,Coimbatore,11.017171,77.100203
2875,Coimbatore,11.017171,77.100203
2876,Coimbatore,10.95255,77.02995
2877,Coimbatore,11.017171,77.100203
2878,Coimbatore,11.017171,77.100203
2879,Coimbatore,11.017171,77.100203
2880,Coimbatore,11.017171,77.100203
2881,Coimbatore,11.03435,77.0492
2882,Coimbatore,11.017171,77.100203
2883,Coimbatore,11.017171,77.100203
2884,Coimbatore,11.017171,77.100203
2885,Coimbatore,11.017171,77.100203
2886,Coimbatore,11.017171,77.100203
2887,Coimbatore,11.017171,77.100203
2888,Coimbatore,11.017171,77.100203
2889,Coimbatore,11.017171,77.100203
2890,Coimbatore,11.0123,76.9786
2891,Coimbatore,11.017171,77.100203
2892,Coimbatore,11.017171,77.100203
2893,Coimbatore,11.017171,77.100203
2894,Coimbatore,11.017171,77.100203
2895,Coimbatore,11.017171,77.100203
2896,Coimbatore,10.6913,76.9529
2897,Coimbatore,11.017171,77.100203
2898,Coimbatore,11.017171,77.100203
2899,Coimbatore,10.9903,76.985
2900,Coimbatore,10.6913,76.9529
2901,Coimbatore,11.017171,77.100203
2902,Coimbatore,11.0123,76.9786
2903,Coimbatore,11.017171,77.100203
2904,Coimbatore,11.017171,77.100203
2905,Coimbatore,11.017171,77.100203
2906,Coimbatore,11.017171,77.100203
2907,Coimbatore,11.017171,77.100203
2908,Coimbatore,11.0186,76.91435
2909,Coimbatore,11.017171,77.100203
2910,Coimbatore,11.017171,77.100203
2911,Coimbatore,11.017171,77.100203
2912,Coimbatore,11.017171,77.100203
2913,Thiruvananthapuram,8.38159,77.0037
2914,Thiruvananthapuram,8.38159,77.0037
2915,Thiruvananthapuram,8.38159,77.0037
2916,Thiruvananthapuram,8.38159,77.0037
2917,Thiruvananthapuram,8.49239,76.93365
2918,Thiruvananthapuram,8.38159,77.0037
2919,Thiruvananthapuram,8.38159,77.0037
2920,Thiruvananthapuram,8.49239,76.93365
2921,Thiruvananthapuram,8.38159,77.0037
2922,Thiruvananthapuram,8.49239,76.93365
2923,Thiruvananthapuram,8.38159,77.0037
2924,Thiruvananthapuram,8.38159,77.0037
2925,Thiruvananthapuram,8.49239,76.93365
2926,Thiruvananthapuram,8.49239,76.93365
2927,Thiruvananthapuram,8.49239,76.93365
2928,Thiruvananthapuram,8.38159,77.0037
2929,Thiruvananthapuram,8.38159,77.0037
2930,Thiruvananthapuram,8.38159,77.0037
2931,Thiruvananthapuram,8.70012,76.84125
2932,Thiruvananthapuram,8.38159,77.0037
2933,Thiruvananthapuram,8.38159,77.0037
2934,Thiruvananthapuram,8.38159,77.0037
2935,Thiruvananthapuram,8.49239,76.93365
2936,Thiruvananthapuram,8.49239,76.93365
2937,Thiruvananthapuram,8.38159,77.0037
2938,Thiruvananthapuram,8.38159,77.0037
2939,Thiruvananthapuram,8.38159,77.0037
2940,Thiruvananthapuram,8.38159,77.0037
2941,Thiruvananthapuram,8.38159,77.0037
2942,Thiruvananthapuram,8.38159,77.0037
2943,Thiruvananthapuram,8.38159,77.0037
2944,Thiruvananthapuram,8.38159,77.0037
2945,Thiruvananthapuram,8.38159,77.0037
2946,Madurai,9.91051,78.1158
2947,Madurai,9.91051,78.1158
2948,Madurai,9.91051,78.1158
2949,Madurai,9.91051,78.1158
2950,Madurai,9.91051,78.1158
2951,Madurai,9.91051,78.1158
2952,Madurai,9.91051,78.1158
2953,Madurai,9.91051,78.1158
2954,Madurai,9.91051,78.1158
2955,Madurai,9.91051,78.1158
2956,Madurai,9.91051,78.1158
2957,Madurai,9.91051,78.1158
2958,Madurai,9.91051,78.1158
2959,Madurai,9.91051,78.1158
2960,Madurai,9.91051,78.1158
2961,Madurai,9.91051,78.1158
2962,Madurai,9.91051,78.1158
2963,Madurai,9.91051,78.1158
2964,Madurai,9.91051,78.1158
2965,Madurai,9.91051,78.1158
2966,Madurai,9.91051,78.1158
2967,Madurai,9.91051,78.1158
2968,Madurai,9.91051,78.1158
2969,Madurai,9.91051,78.1158
2970,Madurai,9.91051,78.1158
2971,Kozhikode,11.16223,75.81366
2972,Kozhikode,11.21355,75.817
2973,Kozhikode,11.21355,75.817
2974,Kozhikode,11.16223,75.81366
2975,Kozhikode,11.16223,75.81366
2976,Kozhikode,11.16223,75.81366
2977,Kozhikode,11.16223,75.81366
2978,Kozhikode,11.21355,75.817
2979,Kozhikode,11.16223,75.81366
2980,Kozhikode,11.16223,75.81366
2981,Kozhikode,11.16223,75.81366
2982,Kozhikode,11.16223,75.81366
2983,Kozhikode,11.16223,75.81366
2984,Kozhikode,11.16223,75.81366
2985,Visakhapatnam,17.701,83.2348
2986,Visakhapatnam,17.701,83.2348
2987,Visakhapatnam,17.701,83.2348
2988,Visakhapatnam,17.701,83.2348
2989,Visakhapatnam,17.701,83.2348
2990,Visakhapatnam,17.701,83.2348
2991,Visakhapatnam,17.701,83.2348
2992,Visakhapatnam,17.7671,83.3079
2993,Visakhapatnam,17.701,83.2348
2994,Visakhapatnam,17.701,83.2348
2995,Mysuru,12.50715,76.7607
2996,Mysuru,12.50715,76.7607
2997,Mysuru,12.50715,76.7607
2998,Mysuru,12.50715,76.7607
2999,Mysuru,12.50715,76.7607
3000,Mysuru,12.50715,76.7607
3001,Mysuru,12.1101,76.7161
3002,Mysuru,12.50715,76.7607
3003,Mysuru,12.50715,76.7607
3004,Mysuru,12.50715,76.7607
3005,Mysuru,12.50715,76.7607
3006,Mysuru,12.50715,76.7607
3007,Bengaluru,12.95703,77.59837
3008,Bengaluru,12.974197321957691,77.59813196021328
3009,Bengaluru,12.984889876209078,77.58206335400159
3010,Bengaluru,12.975096255356595,77.59916675710645
3011,Bengaluru,12.968162148652114,77.58815368960478
3012,Bengaluru,12.967003683252111,77.58335326411999
3013,Bengaluru,12.971136704632292,77.58691346068103
3014,Bengaluru,12.985559836601514,77.59750723055288
3015,Bengaluru,12.977918340936505,77.58194904904599
3016,Bengaluru,12.972311771481154,77.58826661233311
3017,Bengaluru,12.9936312,77.7195428
3018,Bengaluru,12.978384364566937,77.58859362461662
3019,Bengaluru,12.967331569473444,77.5868852347716
3020,Bengaluru,12.98319931718466,77.58027434150772
3021,Bengaluru,12.96831071881987,77.5957805160143
3022,Bengaluru,12.981057652685005,77.58268729782226
3023,Bengaluru,12.9119433,77.7059733
3024,Bengaluru,12.976336789209295,77.59816292030995
3025,Bengaluru,12.95703,77.59837
3026,Bengaluru,12.969766223265976,77.5961401273136
3027,Bengaluru,12.976269435481408,77.58225462188904
3028,Bengaluru,12.967374315384232,77.58217812471993
3029,Bengaluru,12.983830572527767,77.59592143435918
3030,Bengaluru,12.969044576837144,77.5983325027883
3031,Bengaluru,12.975076913804333,77.58384856222783
3032,Bengaluru,12.968282188538392,77.59993212737275
3033,Bengaluru,12.969140628135115,77.58729580885952
3034,Bengaluru,12.978068542923813,77.59894779332394
3035,Bengaluru,12.977239158769821,77.5836006895148
3036,Bengaluru,12.974646640041433,77.58280946767076
3037,Bengaluru,12.979889510015635,77.58109619489987
3038,Bengaluru,12.973363335997332,77.59514800760114
3039,Bengaluru,12.95703,77.59837
3040,Bengaluru,12.97375,77.62499
3041,Bengaluru,12.975732466717057,77.59985007556504
3042,Bengaluru,12.95703,77.59837
3043,Bengaluru,12.974744035261873,77.58218738585383
3044,Bengaluru,12.984642593940572,77.58580690371934
3045,Bengaluru,12.99422,77.69694
3046,Bengaluru,12.97566068488538,77.58815479117825
3047,Bengaluru,12.98527907215306,77.58408487085173
3048,Bengaluru,12.985967179614516,77.58866279593171
3049,Bengaluru,12.95703,77.59837
3050,Bengaluru,12.9706,77.60024
3051,Bengaluru,12.984721729915053,77.59159187321191
3052,Bengaluru,12.95703,77.59837
3053,Bengaluru,12.97658903630184,77.5805181690211
3054,Bengaluru,12.978247194960606,77.59991605689645
3055,Bengaluru,12.984037838143422,77.58242875704792
3056,Bengaluru,12.982911730804961,77.59656465602751
3057,Bengaluru,12.977974819999387,77.5943033867225
3058,Bengaluru,12.973357862929166,77.58212751927876
3059,Bengaluru,12.95703,77.59837
3060,Bengaluru,12.986406869641728,77.58500915483572
3061,Bengaluru,12.9586129,77.7211402
3062,Bengaluru,12.95703,77.59837
3063,Bengaluru,12.95703,77.59837
3064,Bengaluru,12.982508026672376,77.5957953670863
3065,Bengaluru,12.9749283284476,77.58718128747152
3066,Bengaluru,12.976120500626486,77.58482255092305
3067,Bengaluru,12.975310020380986,77.58621614950913
3068,Bengaluru,12.985572422391433,77.59001535408855
3069,Bengaluru,12.977275987629714,77.58092689811073
3070,Bengaluru,12.967423805915567,77.59791133688688
3071,Bengaluru,12.95703,77.59837
3072,Bengaluru,12.975418821428395,77.58099241480716
3073,Bengaluru,12.974118415318056,77.5914620234329
3074,Bengaluru,12.970707729719571,77.58834852477015
3075,Bengaluru,12.985208728034022,77.59922734604714
3076,Bengaluru,12.97328445058218,77.58378224923139
3077,Bengaluru,12.967682964398744,77.58994993840719
3078,Bengaluru,12.9600163,77.6435713
3079,Bengaluru,12.967880243866931,77.5870842896866
3080,Bengaluru,12.980449794159016,77.59872554634478
3081,Bengaluru,12.977897971084852,77.60002812604199
3082,Bengaluru,12.977751882209004,77.59266996796349
3083,Bengaluru,12.978453099660499,77.58804605692318
3084,Bengaluru,12.95703,77.59837
3085,Bengaluru,12.9838791,77.693991
3086,Bengaluru,12.95703,77.59837
3087,Bengaluru,12.9847593,77.7513783
3088,Bengaluru,12.981969440484237,77.58630625235058
3089,Bengaluru,12.978972180966178,77.59385717078172
3090,Bengaluru,12.980464484535814,77.59980758409263
3091,Bengaluru,12.981788738798558,77.58396443392492
3092,Bengaluru,12.969538347567427,77.59038223605357
3093,Bengaluru,12.979402846508156,77.59889294226319
3094,Bengaluru,12.979256397813048,77.58103705702723
3095,Bengaluru,12.985557857699012,77.5816598759656
3096,Bengaluru,12.98617503126837,77.59766178076818
3097,Bengaluru,12.971249073678687,77.59097801672978
3098,Bengaluru,12.95703,77.59837
3099,Bengaluru,12.985741318794828,77.58480586782495
3100,Bengaluru,12.976541326409558,77.59763322372334
3101,Bengaluru,12.969575152672109,77.5982345186766
3102,Bengaluru,12.9327941,77.602333
3103,Bengaluru,12.970730288840747,77.59922103041521
3104,Bengaluru,12.9020928,77.5954682
3105,Bengaluru,12.983551772661947,77.59604072624073
3106,Bengaluru,12.968959802082248,77.58694103907013
3107,Bengaluru,12.973227941072446,77.59388060739059
3108,Bengaluru,12.986529272756757,77.59868166429015
3109,Bengaluru,12.979959690790478,77.59665370670615
3110,Bengaluru,12.973293277148334,77.59343898885685
3111,Bengaluru,12.95703,77.59837
3112,Bengaluru,12.95703,77.59837
3113,Bengaluru,12.983709080382571,77.59160150275784
3114,Bengaluru,12.981706181342144,77.58797283071584
3115,Bengaluru,12.97442879460664,77.58737090264377
3116,Bengaluru,12.966924987290165,77.59571105711242
3117,Bengaluru,12.979550160844541,77.58718301412264
3118,Bengaluru,12.97930192088077,77.59223415844983
3119,Bengaluru,12.983354180510954,77.58512385208107
3120,Bengaluru,12.970936436690586,77.5896665033147
3121,Bengaluru,12.980757181350079,77.59789969077768
3122,Chennai,13.06041,80.24963
3123,Chennai,13.06041,80.24963
3124,Chennai,13.0836939,80.270186
3125,Chennai,13.06041,80.24963
3126,Chennai,13.06041,80.24963
3127,Chennai,13.06041,80.24963
3128,Chennai,13.06041,80.24963
3129,Chennai,13.06041,80.24963
3130,Chennai,13.06041,80.24963
3131,Chennai,13.06041,80.24963
3132,Chennai,13.06041,80.24963
3133,Chennai,13.06041,80.24963
3134,Chennai,13.06041,80.24963
3135,Chennai,13.06041,80.24963
3136,Chennai,13.06041,80.24963
3137,Chennai,13.06041,80.24963
3138,Chennai,13.06041,80.24963
3139,Chennai,13.06041,80.24963
3140,Chennai,13.06041,80.24963
3141,Chennai,13.06041,80.24963
3142,Chennai,13.01438,80.1826
3143,Chennai,13.06041,80.24963
3144,Chennai,13.06041,80.24963
3145,Chennai,13.06041,80.24963
3146,Chennai,13.06041,80.24963
3147,Chennai,13.06041,80.24963
3148,Chennai,13.06041,80.24963
3149,Chennai,13.06041,80.24963
3150,Chennai,13.06041,80.24963
3151,Chennai,13.06041,80.24963
3152,Chennai,13.06041,80.24963
3153,Chennai,13.06041,80.24963
3154,Chennai,13.06041,80.24963
3155,Chennai,12.96853,80.24305
3156,Chennai,13.06041,80.24963
3157,Chennai,13.06041,80.24963
3158,Chennai,13.06041,80.24963
3159,Chennai,13.06041,80.24963
3160,Chennai,13.06041,80.24963
3161,Chennai,13.06041,80.24963
3162,Chennai,12.96853,80.24305
3163,Chennai,13.06041,80.24963
3164,Chennai,13.04745,80.23635
3165,Chennai,13.09757,80.29455
3166,Chennai,13.06041,80.24963
3167,Chennai,13.06041,80.24963
3168,Chennai,13.06041,80.24963
3169,Chennai,13.01517,80.21354
3170,Chennai,13.06041,80.24963
3171,Chennai,13.06041,80.24963
3172,Chennai,13.06041,80.24963
3173,Chennai,13.06041,80.24963
3174,Chennai,13.06041,80.24963
3175,Chennai,13.06041,80.24963
3176,Chennai,13.06041,80.24963
3177,Chennai,13.07622,80.24699
3178,Chennai,13.06041,80.24963
3179,Chennai,13.06041,80.24963
3180,Chennai,13.06041,80.24963
3181,Chennai,13.06041,80.24963
3182,Chennai,13.06041,80.24963
3183,Chennai,13.06041,80.24963
3184,Chennai,13.06041,80.24963
3185,Chennai,13.06041,80.24963
3186,Chennai,13.06041,80.24963
3187,Chennai,13.06041,80.24963
3188,Chennai,13.06041,80.24963
3189,Chennai,13.06041,80.24963
3190,Chennai,13.02149,80.20276
3191,Chennai,13.07622,80.24699
3192,Chennai,13.06041,80.24963
3193,Chennai,13.06041,80.24963
3194,Chennai,13.06041,80.24963
3195,Chennai,13.06041,80.24963
3196,Chennai,13.06041,80.24963
3197,Chennai,13.04115,80.24605
3198,Chennai,13.06041,80.24963
3199,Chennai,13.06041,80.24963
3200,Chennai,13.06041,80.24963
3201,Chennai,13.06041,80.24963
3202,Chennai,13.09095,80.16305
3203,Chennai,12.96853,80.24305
3204,Chennai,13.09757,80.29455
3205,Chennai,13.06041,80.24963
3206,Chennai,13.09757,80.29455
3207,Chennai,13.06041,80.24963
3208,Chennai,13.06041,80.24963
3209,Chennai,13.06041,80.24963
3210,Hyderabad,17.40275,78.50806
3211,Hyderabad,17.40275,78.50806
3212,Hyderabad,17.40275,78.50806
3213,Hyderabad,17.40275,78.50806
3214,Hyderabad,17.40275,78.50806
3215,Hyderabad,17.40275,78.50806
3216,Hyderabad,17.38256,78.51234
3217,Hyderabad,17.40275,78.50806
3218,Hyderabad,17.40275,78.50806
3219,Hyderabad,17.40275,78.50806
3220,Hyderabad,17.40275,78.50806
3221,Hyderabad,17.360589,78.4740613
3222,Hyderabad,17.40275,78.50806
3223,Hyderabad,17.40275,78.50806
3224,Hyderabad,17.40275,78.50806
3225,Hyderabad,17.40275,78.50806
3226,Hyderabad,17.40275,78.50806
3227,Hyderabad,17.40275,78.50806
3228,Hyderabad,17.40275,78.50806
3229,Hyderabad,17.40275,78.50806
3230,Hyderabad,17.38256,78.51234
3231,Hyderabad,17.40275,78.50806
3232,Hyderabad,17.40275,78.50806
3233,Hyderabad,17.40275,78.50806
3234,Hyderabad,17.40275,78.50806
3235,Hyderabad,17.40275,78.50806
3236,Hyderabad,17.40275,78.50806
3237,Hyderabad,17.40275,78.50806
3238,Hyderabad,17.40275,78.50806
3239,Hyderabad,17.40275,78.50806
3240,Hyderabad,17.40275,78.50806
3241,Hyderabad,17.40275,78.50806
3242,Hyderabad,17.40275,78.50806
3243,Hyderabad,17.40275,78.50806
3244,Hyderabad,17.40275,78.50806
3245,Hyderabad,17.38277,78.5181
3246,Hyderabad,17.40275,78.50806
3247,Hyderabad,17.40275,78.50806
3248,Hyderabad,17.40275,78.50806
3249,Hyderabad,17.40275,78.50806
3250,Hyderabad,17.40275,78.50806
3251,Hyderabad,17.40275,78.50806
3252,Hyderabad,17.40275,78.50806
3253,Hyderabad,17.40275,78.50806
3254,Hyderabad,17.40275,78.50806
3255,Hyderabad,17.40275,78.50806
3256,Hyderabad,17.40275,78.50806
3257,Hyderabad,17.40275,78.50806
3258,Hyderabad,17.40275,78.50806
3259,Hyderabad,17.40275,78.50806
3260,Hyderabad,17.40275,78.50806
3261,Hyderabad,17.40275,78.50806
3262,Hyderabad,17.40275,78.50806
3263,Hyderabad,17.40275,78.50806
3264,Hyderabad,17.40275,78.50806
3265,Hyderabad,17.40275,78.50806
3266,Hyderabad,17.40275,78.50806
3267,Hyderabad,17.40275,78.50806
3268,Hyderabad,17.40275,78.50806
3269,Hyderabad,17.40275,78.50806
3270,Hyderabad,17.38256,78.51234
3271,Hyderabad,17.40275,78.50806
3272,Hyderabad,17.40275,78.50806
3273,Hyderabad,17.40275,78.50806
3274,Hyderabad,17.40275,78.50806
3275,Hyderabad,17.40275,78.50806
3276,Hyderabad,17.40275,78.50806
3277,Hyderabad,17.364106067066242,78.48359803893747
3278,Hyderabad,17.366285584284306,78.46638595788002
3279,Hyderabad,17.38256,78.51234
3280,Hyderabad,17.40275,78.50806
3281,Hyderabad,17.40275,78.50806
3282,Hyderabad,17.40275,78.50806
3283,Hyderabad,17.40275,78.50806
3284,Hyderabad,17.40275,78.50806
3285,Hyderabad,17.40275,78.50806
3286,Hyderabad,17.40275,78.50806
3287,Hyderabad,17.40275,78.50806
3288,Hyderabad,17.40275,78.50806
3289,Hyderabad,17.40275,78.50806
3290,Hyderabad,17.40275,78.50806
3291,Hyderabad,17.40275,78.50806
3292,Hyderabad,17.40275,78.50806
3293,Hyderabad,17.40275,78.50806
3294,Hyderabad,17.40275,78.50806
3295,Hyderabad,17.40275,78.50806
3296,Hyderabad,17.40275,78.50806
3297,Hyderabad,17.40275,78.50806
3298,Hyderabad,17.40275,78.50806
3299,Hyderabad,17.40275,78.50806
3300,Hyderabad,17.40275,78.50806
3301,Hyderabad,17.40275,78.50806
3302,Hyderabad,17.40275,78.50806
3303,Hyderabad,17.40275,78.50806
3304,Hyderabad,17.40275,78.50806
3305,Hyderabad,17.38256,78.51234
3306,Hyderabad,17.40275,78.50806
3307,Hyderabad,17.40275,78.50806
3308,Hyderabad,17.38256,78.51234
3309,Hyderabad,17.40275,78.50806
3310,Hyderabad,17.40275,78.50806
3311,Hyderabad,17.40275,78.50806
3312,Hyderabad,17.40275,78.50806
3313,Hyderabad,17.40275,78.50806
3314,Hyderabad,17.40275,78.50806
3315,Hyderabad,17.40275,78.50806
3316,Hyderabad,17.40275,78.50806
3317,Hyderabad,17.40275,78.50806
3318,Hyderabad,17.40275,78.50806
3319,Hyderabad,17.40275,78.50806
3320,Hyderabad,17.38848,78.4717
3321,Hyderabad,17.40275,78.50806
3322,Hyderabad,17.40275,78.50806
3323,Hyderabad,17.40275,78.50806
3324,Hyderabad,17.40275,78.50806
3325,Hyderabad,17.40275,78.50806
3326,Hyderabad,17.40275,78.50806
3327,Hyderabad,17.40275,78.50806
3328,Hyderabad,17.40275,78.50806
3329,Hyderabad,17.40275,78.50806
3330,Hyderabad,17.40275,78.50806
3331,Hyderabad,17.40275,78.50806
3332,Hyderabad,17.40275,78.50806
3333,Hyderabad,17.40275,78.50806
3334,Mumbai,19.00821,72.84415
3335,Mumbai,19.00821,72.84415
3336,Mumbai,19.00821,72.84415
3337,Mumbai,19.00821,72.84415
3338,Mumbai,19.00821,72.84415
3339,Mumbai,19.00821,72.84415
3340,Mumbai,19.00821,72.84415
3341,Mumbai,19.0695,72.99746
3342,Mumbai,19.00821,72.84415
3343,Mumbai,19.00821,72.84415
3344,Mumbai,19.00821,72.84415
3345,Mumbai,19.00821,72.84415
3346,Mumbai,19.00821,72.84415
3347,Mumbai,19.00821,72.84415
3348,Mumbai,19.00821,72.84415
3349,Mumbai,19.00821,72.84415
3350,Mumbai,19.00821,72.84415
3351,Mumbai,19.00821,72.84415
3352,Mumbai,19.00821,72.84415
3353,Mumbai,19.00821,72.84415
3354,Mumbai,19.00821,72.84415
3355,Mumbai,19.12275,72.9167
3356,Mumbai,19.00821,72.84415
3357,Mumbai,19.00821,72.84415
3358,Mumbai,19.00821,72.84415
3359,Mumbai,19.00821,72.84415
3360,Mumbai,19.00821,72.84415
3361,Mumbai,19.00821,72.84415
3362,Mumbai,19.05641,72.83131
3363,Mumbai,19.00821,72.84415
3364,Mumbai,19.00821,72.84415
3365,Mumbai,19.00821,72.84415
3366,Mumbai,19.00821,72.84415
3367,Mumbai,19.00821,72.84415
3368,Mumbai,19.00821,72.84415
3369,Mumbai,19.00821,72.84415
3370,Mumbai,19.00821,72.84415
3371,Mumbai,19.00821,72.84415
3372,Mumbai,19.00821,72.84415
3373,Mumbai,19.00821,72.84415
3374,Mumbai,19.00821,72.84415
3375,Mumbai,19.00821,72.84415
3376,Mumbai,19.00821,72.84415
3377,Mumbai,19.00821,72.84415
3378,Mumbai,19.00821,72.84415
3379,Mumbai,19.00821,72.84415
3380,Mumbai,19.00821,72.84415
3381,Mumbai,19.00821,72.84415
3382,Mumbai,19.047627203614365,72.87501223058358
3383,Mumbai,19.00821,72.84415
3384,Mumbai,19.00821,72.84415
3385,Mumbai,19.00821,72.84415
3386,Mumbai,19.00821,72.84415
3387,Mumbai,19.00821,72.84415
3388,Mumbai,19.00821,72.84415
3389,Mumbai,19.00821,72.84415
3390,Mumbai,19.00821,72.84415
3391,Mumbai,19.00821,72.84415
3392,Mumbai,19.00821,72.84415
3393,Mumbai,19.00821,72.84415
3394,Mumbai,19.00821,72.84415
3395,Mumbai,19.00821,72.84415
3396,Mumbai,19.04595980140768,72.8714049667068
3397,Mumbai,19.00821,72.84415
3398,Mumbai,19.00821,72.84415
3399,Pune,18.5062,73.84735
3400,Pune,18.5062,73.84735
3401,Pune,18.5062,73.84735
3402,Pune,18.5062,73.84735
3403,Pune,18.5062,73.84735
3404,Pune,18.5062,73.84735
3405,Pune,18.5062,73.84735
3406,Pune,18.5062,73.84735
3407,Pune,18.5062,73.84735
3408,Pune,18.5062,73.84735
3409,Pune,18.5062,73.84735
3410,Pune,18.5062,73.84735
3411,Pune,18.5062,73.84735
3412,Pune,18.5062,73.84735
3413,Pune,18.5062,73.84735
3414,Pune,18.5062,73.84735
3415,Pune,18.5062,73.84735
3416,Pune,18.55034,73.80865
3417,Pune,18.43065,73.92745
3418,Pune,18.5062,73.84735
3419,Pune,18.5408,73.7606
3420,Pune,18.5062,73.84735
3421,Pune,18.5062,73.84735
3422,Pune,18.5062,73.84735
3423,Pune,18.5062,73.84735
3424,Pune,18.5062,73.84735
3425,Pune,18.5062,73.84735
3426,Pune,18.5062,73.84735
3427,Pune,18.5062,73.84735
3428,Pune,18.5062,73.84735
3429,Pune,18.5062,73.84735
3430,Pune,18.5062,73.84735
3431,Pune,18.5062,73.84735
3432,Pune,18.5062,73.84735
3433,Pune,18.5062,73.84735
3434,Pune,18.5062,73.84735
3435,Pune,18.5062,73.84735
3436,Pune,18.5062,73.84735
3437,Pune,18.51292,73.864
3438,Pune,18.5062,73.84735
3439,Pune,18.5062,73.84735
3440,Pune,18.5062,73.84735
3441,Pune,18.51292,73.864
3442,Pune,18.60055,73.9608
3443,Pune,18.60055,73.9608
3444,Pune,18.5062,73.84735
3445,Pune,18.5062,73.84735
3446,Pune,18.5062,73.84735
3447,Pune,18.5062,73.84735
3448,Pune,18.5062,73.84735
3449,Pune,18.5062,73.84735
3450,Pune,18.46525,73.8507
3451,Pune,18.5062,73.84735
3452,Pune,18.5062,73.84735
3453,Pune,18.5062,73.84735
3454,Pune,18.5062,73.84735
3455,Pune,18.5062,73.84735
3456,Pune,18.5062,73.84735
3457,Ahmedabad,23.042,72.59465
3458,Ahmedabad,23.042,72.59465
3459,Ahmedabad,23.042,72.59465
3460,Ahmedabad,23.042,72.59465
3461,Ahmedabad,23.042,72.59465
3462,Ahmedabad,23.042,72.59465
3463,Ahmedabad,23.042,72.59465
3464,Ahmedabad,23.042,72.59465
3465,Ahmedabad,23.042,72.59465
3466,Ahmedabad,23.06682,72.74225
3467,Ahmedabad,23.042,72.59465
3468,Ahmedabad,23.042,72.59465
3469,Ahmedabad,23.042,72.59465
3470,Ahmedabad,23.042,72.59465
3471,Ahmedabad,23.042,72.59465
3472,Ahmedabad,23.042,72.59465
3473,Ahmedabad,23.042,72.59465
3474,Ahmedabad,23.042,72.59465
3475,Ahmedabad,23.042,72.59465
3476,Ahmedabad,23.04,72.21025
3477,Ahmedabad,23.042,72.59465
3478,Ahmedabad,23.042,72.59465
3479,Ahmedabad,23.042,72.59465
3480,Ahmedabad,23.042,72.59465
3481,Ahmedabad,23.042,72.59465
3482,Ahmedabad,23.042,72.59465
3483,Ahmedabad,23.042,72.59465
3484,Ahmedabad,23.042,72.59465
3485,Ahmedabad,23.042,72.59465
3486,Ahmedabad,23.042,72.59465
3487,Ahmedabad,23.042,72.59465
3488,Ahmedabad,23.042,72.59465
3489,Ahmedabad,23.042,72.59465
3490,Ahmedabad,23.042,72.59465
3491,Ahmedabad,23.042,72.59465
3492,Ahmedabad,23.042,72.59465
3493,Ahmedabad,23.042,72.59465
3494,Ahmedabad,23.042,72.59465
3495,Ahmedabad,23.042,72.59465
3496,Ahmedabad,23.042,72.59465
3497,Ahmedabad,23.042,72.59465
3498,Ahmedabad,23.042,72.59465
3499,Ahmedabad,23.042,72.59465
3500,Ahmedabad,23.042,72.59465
3501,Ahmedabad,23.042,72.59465
3502,Ahmedabad,23.04,72.21025
3503,Ahmedabad,23.042,72.59465
3504,Ahmedabad,23.042,72.59465
3505,Ahmedabad,23.042,72.59465
3506,Ahmedabad,23.042,72.59465
3507,Ahmedabad,23.042,72.59465
3508,Ahmedabad,23.042,72.59465
3509,Ahmedabad,23.042,72.59465
3510,Delhi NCR,28.323996,76.983738
3511,Delhi NCR,28.44832,77.02097
3512,Delhi NCR,28.323996,76.983738
3513,Delhi NCR,28.323996,76.983738
3514,Delhi NCR,28.09623,76.97395
3515,Delhi NCR,28.323996,76.983738
3516,Delhi NCR,28.4596,77.07225
3517,Delhi NCR,28.323996,76.983738
3518,Delhi NCR,28.323996,76.983738
3519,Delhi NCR,28.09623,76.97395
3520,Delhi NCR,28.4092,76.9423
3521,Delhi NCR,28.323996,76.983738
3522,Delhi NCR,28.3148,76.90645
3523,Delhi NCR,28.4596,77.07225
3524,Kolkata,22.57285,88.34373
3525,Kolkata,22.57285,88.34373
3526,Kolkata,22.57285,88.34373
3527,Kolkata,22.57285,88.34373
3528,Kolkata,22.57285,88.34373
3529,Kolkata,22.57285,88.34373
3530,Kolkata,22.57285,88.34373
3531,Kolkata,22.57285,88.34373
3532,Kolkata,22.57285,88.34373
3533,Kolkata,22.57285,88.34373
3534,Kolkata,22.57285,88.34373
3535,Kolkata,22.57285,88.34373
3536,Kolkata,22.57285,88.34373
3537,Kolkata,22.57285,88.34373
3538,Kolkata,22.57285,88.34373
3539,Kolkata,22.57285,88.34373
3540,Kolkata,22.57285,88.34373
3541,Kolkata,22.57285,88.34373
3542,Kolkata,22.57285,88.34373
3543,Kochi,9.98011,76.24637
3544,Kochi,9.98011,76.24637
3545,Kochi,9.96683,76.2508
3546,Kochi,10.0046,76.3372
3547,Kochi,9.98011,76.24637
3548,Kochi,10.0109,76.3532
3549,Kochi,9.98011,76.24637
3550,Kochi,9.98011,76.24637
3551,Kochi,9.98011,76.24637
3552,Kochi,9.98011,76.24637
3553,Kochi,9.98011,76.24637
3554,Kochi,9.98011,76.24637
3555,Kochi,9.98011,76.24637
